[{"model": "contenttypes.contenttype", "pk": 1, "fields": {"app_label": "admin", "model": "logentry"}}, {"model": "contenttypes.contenttype", "pk": 2, "fields": {"app_label": "auth", "model": "permission"}}, {"model": "contenttypes.contenttype", "pk": 3, "fields": {"app_label": "auth", "model": "group"}}, {"model": "contenttypes.contenttype", "pk": 4, "fields": {"app_label": "auth", "model": "user"}}, {"model": "contenttypes.contenttype", "pk": 5, "fields": {"app_label": "contenttypes", "model": "contenttype"}}, {"model": "contenttypes.contenttype", "pk": 6, "fields": {"app_label": "sessions", "model": "session"}}, {"model": "contenttypes.contenttype", "pk": 7, "fields": {"app_label": "blog", "model": "blog"}}, {"model": "contenttypes.contenttype", "pk": 8, "fields": {"app_label": "blog", "model": "blogtype"}}, {"model": "contenttypes.contenttype", "pk": 9, "fields": {"app_label": "read_statistics", "model": "readstatistics"}}, {"model": "contenttypes.contenttype", "pk": 10, "fields": {"app_label": "read_statistics", "model": "readstatisticsdetail"}}, {"model": "contenttypes.contenttype", "pk": 11, "fields": {"app_label": "comment", "model": "comment"}}, {"model": "contenttypes.contenttype", "pk": 12, "fields": {"app_label": "likes", "model": "likescount"}}, {"model": "contenttypes.contenttype", "pk": 13, "fields": {"app_label": "likes", "model": "likesrecord"}}, {"model": "contenttypes.contenttype", "pk": 14, "fields": {"app_label": "likes", "model": "dislikescount"}}, {"model": "contenttypes.contenttype", "pk": 15, "fields": {"app_label": "user", "model": "profile"}}, {"model": "sessions.session", "pk": "4pp5rrk0qot2voa6u1tjwvifmvl5kk0e", "fields": {"session_data": "ODdmMWU2ZDgyNGVhMjUyNWEzYzM4YTY4Y2QyNTRhMzkxNzEzZDA0ZTp7Il9hdXRoX3VzZXJfaWQiOiIxIiwiX2F1dGhfdXNlcl9iYWNrZW5kIjoiZGphbmdvLmNvbnRyaWIuYXV0aC5iYWNrZW5kcy5Nb2RlbEJhY2tlbmQiLCJfYXV0aF91c2VyX2hhc2giOiI1M2VmZTM4MjA3MzFkMTRhN2JmYzcxZGRmMzI2ZGZkNDQwNDczNGVmIn0=", "expire_date": "2020-06-17T01:24:39.237Z"}}, {"model": "sessions.session", "pk": "7awiquluyccitj8rjlpfvjzmmjkehbhs", "fields": {"session_data": "OGQ0ZWQ2NWM2OTE3OTY5MjI0NmIwNjg0MWFiMDc3MWFjMGY5MGRiNDp7fQ==", "expire_date": "2020-06-18T02:05:05.689Z"}}, {"model": "sessions.session", "pk": "cgumev8zzz6m0qhkgq53jbhri3mzfeqx", "fields": {"session_data": "ODdmMWU2ZDgyNGVhMjUyNWEzYzM4YTY4Y2QyNTRhMzkxNzEzZDA0ZTp7Il9hdXRoX3VzZXJfaWQiOiIxIiwiX2F1dGhfdXNlcl9iYWNrZW5kIjoiZGphbmdvLmNvbnRyaWIuYXV0aC5iYWNrZW5kcy5Nb2RlbEJhY2tlbmQiLCJfYXV0aF91c2VyX2hhc2giOiI1M2VmZTM4MjA3MzFkMTRhN2JmYzcxZGRmMzI2ZGZkNDQwNDczNGVmIn0=", "expire_date": "2020-06-17T13:36:43.541Z"}}, {"model": "sessions.session", "pk": "eisogp9ya9souo8ubbzi0fmdz19xqnu8", "fields": {"session_data": "ODdmMWU2ZDgyNGVhMjUyNWEzYzM4YTY4Y2QyNTRhMzkxNzEzZDA0ZTp7Il9hdXRoX3VzZXJfaWQiOiIxIiwiX2F1dGhfdXNlcl9iYWNrZW5kIjoiZGphbmdvLmNvbnRyaWIuYXV0aC5iYWNrZW5kcy5Nb2RlbEJhY2tlbmQiLCJfYXV0aF91c2VyX2hhc2giOiI1M2VmZTM4MjA3MzFkMTRhN2JmYzcxZGRmMzI2ZGZkNDQwNDczNGVmIn0=", "expire_date": "2020-06-20T16:40:29.238Z"}}, {"model": "sessions.session", "pk": "f4bl5bwu8p75ob72z3eo4yl47imufh7s", "fields": {"session_data": "OGQ0ZWQ2NWM2OTE3OTY5MjI0NmIwNjg0MWFiMDc3MWFjMGY5MGRiNDp7fQ==", "expire_date": "2020-06-18T02:05:22.519Z"}}, {"model": "sessions.session", "pk": "fk9spcmjg2lcmhpf6v7oj36km62ivue8", "fields": {"session_data": "ODdmMWU2ZDgyNGVhMjUyNWEzYzM4YTY4Y2QyNTRhMzkxNzEzZDA0ZTp7Il9hdXRoX3VzZXJfaWQiOiIxIiwiX2F1dGhfdXNlcl9iYWNrZW5kIjoiZGphbmdvLmNvbnRyaWIuYXV0aC5iYWNrZW5kcy5Nb2RlbEJhY2tlbmQiLCJfYXV0aF91c2VyX2hhc2giOiI1M2VmZTM4MjA3MzFkMTRhN2JmYzcxZGRmMzI2ZGZkNDQwNDczNGVmIn0=", "expire_date": "2020-06-30T06:31:00.341Z"}}, {"model": "sessions.session", "pk": "iaqq4vqd5iucj6j3hgh5zsze9rc9ako2", "fields": {"session_data": "ODdmMWU2ZDgyNGVhMjUyNWEzYzM4YTY4Y2QyNTRhMzkxNzEzZDA0ZTp7Il9hdXRoX3VzZXJfaWQiOiIxIiwiX2F1dGhfdXNlcl9iYWNrZW5kIjoiZGphbmdvLmNvbnRyaWIuYXV0aC5iYWNrZW5kcy5Nb2RlbEJhY2tlbmQiLCJfYXV0aF91c2VyX2hhc2giOiI1M2VmZTM4MjA3MzFkMTRhN2JmYzcxZGRmMzI2ZGZkNDQwNDczNGVmIn0=", "expire_date": "2020-06-21T16:09:26.438Z"}}, {"model": "sessions.session", "pk": "il6ia3n6330j1thqk2lhxrzhuef4f2x6", "fields": {"session_data": "OGQ0ZWQ2NWM2OTE3OTY5MjI0NmIwNjg0MWFiMDc3MWFjMGY5MGRiNDp7fQ==", "expire_date": "2020-06-19T01:32:13.823Z"}}, {"model": "sessions.session", "pk": "jolljc8iww782uqqq58v7t7sm6ce63h1", "fields": {"session_data": "ODdmMWU2ZDgyNGVhMjUyNWEzYzM4YTY4Y2QyNTRhMzkxNzEzZDA0ZTp7Il9hdXRoX3VzZXJfaWQiOiIxIiwiX2F1dGhfdXNlcl9iYWNrZW5kIjoiZGphbmdvLmNvbnRyaWIuYXV0aC5iYWNrZW5kcy5Nb2RlbEJhY2tlbmQiLCJfYXV0aF91c2VyX2hhc2giOiI1M2VmZTM4MjA3MzFkMTRhN2JmYzcxZGRmMzI2ZGZkNDQwNDczNGVmIn0=", "expire_date": "2020-06-21T12:39:09.955Z"}}, {"model": "sessions.session", "pk": "ku2hmb21rpwka9cr3cl55kshf16u290w", "fields": {"session_data": "ODdmMWU2ZDgyNGVhMjUyNWEzYzM4YTY4Y2QyNTRhMzkxNzEzZDA0ZTp7Il9hdXRoX3VzZXJfaWQiOiIxIiwiX2F1dGhfdXNlcl9iYWNrZW5kIjoiZGphbmdvLmNvbnRyaWIuYXV0aC5iYWNrZW5kcy5Nb2RlbEJhY2tlbmQiLCJfYXV0aF91c2VyX2hhc2giOiI1M2VmZTM4MjA3MzFkMTRhN2JmYzcxZGRmMzI2ZGZkNDQwNDczNGVmIn0=", "expire_date": "2020-07-08T05:45:27.441Z"}}, {"model": "sessions.session", "pk": "qm7jqk8ksusmeh6hkcqnhih28nzqo1tq", "fields": {"session_data": "ODdmMWU2ZDgyNGVhMjUyNWEzYzM4YTY4Y2QyNTRhMzkxNzEzZDA0ZTp7Il9hdXRoX3VzZXJfaWQiOiIxIiwiX2F1dGhfdXNlcl9iYWNrZW5kIjoiZGphbmdvLmNvbnRyaWIuYXV0aC5iYWNrZW5kcy5Nb2RlbEJhY2tlbmQiLCJfYXV0aF91c2VyX2hhc2giOiI1M2VmZTM4MjA3MzFkMTRhN2JmYzcxZGRmMzI2ZGZkNDQwNDczNGVmIn0=", "expire_date": "2020-06-17T01:18:39.377Z"}}, {"model": "sessions.session", "pk": "ts6udlivhvwqulbt1e1xt16ngdyy7iyi", "fields": {"session_data": "ZGYwMzlhYTlhZWI4Yzk2Y2M2Y2NjODE5OTAxYjRkZGM4NGM3Y2I0NDp7Il9hdXRoX3VzZXJfaWQiOiIxIiwiX2F1dGhfdXNlcl9iYWNrZW5kIjoiZGphbmdvLmNvbnRyaWIuYXV0aC5iYWNrZW5kcy5Nb2RlbEJhY2tlbmQiLCJfYXV0aF91c2VyX2hhc2giOiI1M2VmZTM4MjA3MzFkMTRhN2JmYzcxZGRmMzI2ZGZkNDQwNDczNGVmIiwiYmluZF9lbWFpbF9jb2RlIjoiZmJXUiIsInNlbmRfY29kZV90aW1lIjoxNTkyMzE3MzU0fQ==", "expire_date": "2020-06-30T14:22:35.407Z"}}, {"model": "sessions.session", "pk": "uw7sbqqxim4jyr9mkrhvt3mj7ejz5tx6", "fields": {"session_data": "OGQ0ZWQ2NWM2OTE3OTY5MjI0NmIwNjg0MWFiMDc3MWFjMGY5MGRiNDp7fQ==", "expire_date": "2020-06-18T09:06:42.417Z"}}, {"model": "blog.blogtype", "pk": 1, "fields": {"type_name": "\u968f\u7b14"}}, {"model": "blog.blogtype", "pk": 2, "fields": {"type_name": "\u4ee3\u7801"}}, {"model": "blog.blogtype", "pk": 3, "fields": {"type_name": "\u9519\u8bef\u8bb0\u5f55"}}, {"model": "blog.blogtype", "pk": 4, "fields": {"type_name": "\u6b4c\u8bcd"}}, {"model": "read_statistics.readstatistics", "pk": 2, "fields": {"read_num": 51, "content_type": 7, "object_id": 1}}, {"model": "read_statistics.readstatistics", "pk": 3, "fields": {"read_num": 9, "content_type": 7, "object_id": 2}}, {"model": "read_statistics.readstatistics", "pk": 4, "fields": {"read_num": 34, "content_type": 7, "object_id": 3}}, {"model": "read_statistics.readstatistics", "pk": 5, "fields": {"read_num": 3, "content_type": 7, "object_id": 4}}, {"model": "read_statistics.readstatistics", "pk": 6, "fields": {"read_num": 2, "content_type": 7, "object_id": 5}}, {"model": "read_statistics.readstatistics", "pk": 7, "fields": {"read_num": 1, "content_type": 7, "object_id": 6}}, {"model": "read_statistics.readstatistics", "pk": 8, "fields": {"read_num": 0, "content_type": 7, "object_id": 7}}, {"model": "read_statistics.readstatistics", "pk": 9, "fields": {"read_num": 0, "content_type": 7, "object_id": 8}}, {"model": "read_statistics.readstatistics", "pk": 10, "fields": {"read_num": 0, "content_type": 7, "object_id": 33}}, {"model": "read_statistics.readstatistics", "pk": 11, "fields": {"read_num": 0, "content_type": 7, "object_id": 34}}, {"model": "read_statistics.readstatistics", "pk": 12, "fields": {"read_num": 2, "content_type": 7, "object_id": 36}}, {"model": "read_statistics.readstatisticsdetail", "pk": 1, "fields": {"read_num": 6, "date": "2020-06-03", "content_type": 7, "object_id": 1}}, {"model": "read_statistics.readstatisticsdetail", "pk": 2, "fields": {"read_num": 5, "date": "2020-06-01", "content_type": 7, "object_id": 1}}, {"model": "read_statistics.readstatisticsdetail", "pk": 3, "fields": {"read_num": 2, "date": "2020-06-03", "content_type": 7, "object_id": 2}}, {"model": "read_statistics.readstatisticsdetail", "pk": 4, "fields": {"read_num": 31, "date": "2020-06-03", "content_type": 7, "object_id": 3}}, {"model": "read_statistics.readstatisticsdetail", "pk": 5, "fields": {"read_num": 1, "date": "2020-06-03", "content_type": 7, "object_id": 4}}, {"model": "read_statistics.readstatisticsdetail", "pk": 6, "fields": {"read_num": 13, "date": "2020-06-02", "content_type": 7, "object_id": 1}}, {"model": "read_statistics.readstatisticsdetail", "pk": 7, "fields": {"read_num": 3, "date": "2020-06-04", "content_type": 7, "object_id": 1}}, {"model": "read_statistics.readstatisticsdetail", "pk": 8, "fields": {"read_num": 3, "date": "2020-06-05", "content_type": 7, "object_id": 1}}, {"model": "read_statistics.readstatisticsdetail", "pk": 9, "fields": {"read_num": 1, "date": "2020-06-05", "content_type": 7, "object_id": 2}}, {"model": "read_statistics.readstatisticsdetail", "pk": 10, "fields": {"read_num": 1, "date": "2020-06-06", "content_type": 7, "object_id": 1}}, {"model": "read_statistics.readstatisticsdetail", "pk": 11, "fields": {"read_num": 3, "date": "2020-06-07", "content_type": 7, "object_id": 1}}, {"model": "read_statistics.readstatisticsdetail", "pk": 12, "fields": {"read_num": 3, "date": "2020-06-08", "content_type": 7, "object_id": 2}}, {"model": "read_statistics.readstatisticsdetail", "pk": 13, "fields": {"read_num": 1, "date": "2020-06-08", "content_type": 7, "object_id": 1}}, {"model": "read_statistics.readstatisticsdetail", "pk": 14, "fields": {"read_num": 1, "date": "2020-06-08", "content_type": 7, "object_id": 3}}, {"model": "read_statistics.readstatisticsdetail", "pk": 15, "fields": {"read_num": 1, "date": "2020-06-08", "content_type": 7, "object_id": 4}}, {"model": "read_statistics.readstatisticsdetail", "pk": 16, "fields": {"read_num": 1, "date": "2020-06-08", "content_type": 7, "object_id": 5}}, {"model": "read_statistics.readstatisticsdetail", "pk": 17, "fields": {"read_num": 4, "date": "2020-06-09", "content_type": 7, "object_id": 1}}, {"model": "read_statistics.readstatisticsdetail", "pk": 18, "fields": {"read_num": 1, "date": "2020-06-09", "content_type": 7, "object_id": 2}}, {"model": "read_statistics.readstatisticsdetail", "pk": 19, "fields": {"read_num": 1, "date": "2020-06-09", "content_type": 7, "object_id": 3}}, {"model": "read_statistics.readstatisticsdetail", "pk": 20, "fields": {"read_num": 1, "date": "2020-06-10", "content_type": 7, "object_id": 1}}, {"model": "read_statistics.readstatisticsdetail", "pk": 21, "fields": {"read_num": 2, "date": "2020-06-11", "content_type": 7, "object_id": 1}}, {"model": "read_statistics.readstatisticsdetail", "pk": 22, "fields": {"read_num": 1, "date": "2020-06-11", "content_type": 7, "object_id": 2}}, {"model": "read_statistics.readstatisticsdetail", "pk": 23, "fields": {"read_num": 1, "date": "2020-06-11", "content_type": 7, "object_id": 3}}, {"model": "read_statistics.readstatisticsdetail", "pk": 24, "fields": {"read_num": 1, "date": "2020-06-11", "content_type": 7, "object_id": 4}}, {"model": "read_statistics.readstatisticsdetail", "pk": 25, "fields": {"read_num": 1, "date": "2020-06-11", "content_type": 7, "object_id": 5}}, {"model": "read_statistics.readstatisticsdetail", "pk": 26, "fields": {"read_num": 1, "date": "2020-06-11", "content_type": 7, "object_id": 6}}, {"model": "read_statistics.readstatisticsdetail", "pk": 27, "fields": {"read_num": 1, "date": "2020-06-12", "content_type": 7, "object_id": 1}}, {"model": "read_statistics.readstatisticsdetail", "pk": 28, "fields": {"read_num": 1, "date": "2020-06-16", "content_type": 7, "object_id": 1}}, {"model": "read_statistics.readstatisticsdetail", "pk": 29, "fields": {"read_num": 1, "date": "2020-06-16", "content_type": 7, "object_id": 2}}, {"model": "read_statistics.readstatisticsdetail", "pk": 30, "fields": {"read_num": 1, "date": "2020-06-22", "content_type": 7, "object_id": 1}}, {"model": "read_statistics.readstatisticsdetail", "pk": 31, "fields": {"read_num": 2, "date": "2020-06-24", "content_type": 7, "object_id": 1}}, {"model": "read_statistics.readstatisticsdetail", "pk": 32, "fields": {"read_num": 2, "date": "2020-06-24", "content_type": 7, "object_id": 36}}, {"model": "likes.likescount", "pk": 10, "fields": {"content_type": 7, "object_id": 6, "likes_number": 1, "dislikes_number": 1}}, {"model": "likes.likescount", "pk": 11, "fields": {"content_type": 7, "object_id": 5, "likes_number": 0, "dislikes_number": 0}}, {"model": "likes.likescount", "pk": 12, "fields": {"content_type": 7, "object_id": 4, "likes_number": 0, "dislikes_number": 0}}, {"model": "likes.likescount", "pk": 13, "fields": {"content_type": 7, "object_id": 3, "likes_number": 0, "dislikes_number": 0}}, {"model": "likes.likescount", "pk": 14, "fields": {"content_type": 7, "object_id": 2, "likes_number": 0, "dislikes_number": 0}}, {"model": "likes.likescount", "pk": 15, "fields": {"content_type": 7, "object_id": 1, "likes_number": 0, "dislikes_number": 0}}, {"model": "likes.likescount", "pk": 16, "fields": {"content_type": 7, "object_id": 33, "likes_number": 0, "dislikes_number": 0}}, {"model": "likes.likescount", "pk": 17, "fields": {"content_type": 7, "object_id": 34, "likes_number": 0, "dislikes_number": 0}}, {"model": "likes.likescount", "pk": 18, "fields": {"content_type": 7, "object_id": 36, "likes_number": 0, "dislikes_number": 0}}, {"model": "auth.permission", "pk": 1, "fields": {"name": "Can add log entry", "content_type": 1, "codename": "add_logentry"}}, {"model": "auth.permission", "pk": 2, "fields": {"name": "Can change log entry", "content_type": 1, "codename": "change_logentry"}}, {"model": "auth.permission", "pk": 3, "fields": {"name": "Can delete log entry", "content_type": 1, "codename": "delete_logentry"}}, {"model": "auth.permission", "pk": 4, "fields": {"name": "Can view log entry", "content_type": 1, "codename": "view_logentry"}}, {"model": "auth.permission", "pk": 5, "fields": {"name": "Can add permission", "content_type": 2, "codename": "add_permission"}}, {"model": "auth.permission", "pk": 6, "fields": {"name": "Can change permission", "content_type": 2, "codename": "change_permission"}}, {"model": "auth.permission", "pk": 7, "fields": {"name": "Can delete permission", "content_type": 2, "codename": "delete_permission"}}, {"model": "auth.permission", "pk": 8, "fields": {"name": "Can view permission", "content_type": 2, "codename": "view_permission"}}, {"model": "auth.permission", "pk": 9, "fields": {"name": "Can add group", "content_type": 3, "codename": "add_group"}}, {"model": "auth.permission", "pk": 10, "fields": {"name": "Can change group", "content_type": 3, "codename": "change_group"}}, {"model": "auth.permission", "pk": 11, "fields": {"name": "Can delete group", "content_type": 3, "codename": "delete_group"}}, {"model": "auth.permission", "pk": 12, "fields": {"name": "Can view group", "content_type": 3, "codename": "view_group"}}, {"model": "auth.permission", "pk": 13, "fields": {"name": "Can add user", "content_type": 4, "codename": "add_user"}}, {"model": "auth.permission", "pk": 14, "fields": {"name": "Can change user", "content_type": 4, "codename": "change_user"}}, {"model": "auth.permission", "pk": 15, "fields": {"name": "Can delete user", "content_type": 4, "codename": "delete_user"}}, {"model": "auth.permission", "pk": 16, "fields": {"name": "Can view user", "content_type": 4, "codename": "view_user"}}, {"model": "auth.permission", "pk": 17, "fields": {"name": "Can add content type", "content_type": 5, "codename": "add_contenttype"}}, {"model": "auth.permission", "pk": 18, "fields": {"name": "Can change content type", "content_type": 5, "codename": "change_contenttype"}}, {"model": "auth.permission", "pk": 19, "fields": {"name": "Can delete content type", "content_type": 5, "codename": "delete_contenttype"}}, {"model": "auth.permission", "pk": 20, "fields": {"name": "Can view content type", "content_type": 5, "codename": "view_contenttype"}}, {"model": "auth.permission", "pk": 21, "fields": {"name": "Can add session", "content_type": 6, "codename": "add_session"}}, {"model": "auth.permission", "pk": 22, "fields": {"name": "Can change session", "content_type": 6, "codename": "change_session"}}, {"model": "auth.permission", "pk": 23, "fields": {"name": "Can delete session", "content_type": 6, "codename": "delete_session"}}, {"model": "auth.permission", "pk": 24, "fields": {"name": "Can view session", "content_type": 6, "codename": "view_session"}}, {"model": "auth.permission", "pk": 25, "fields": {"name": "Can add blog", "content_type": 7, "codename": "add_blog"}}, {"model": "auth.permission", "pk": 26, "fields": {"name": "Can change blog", "content_type": 7, "codename": "change_blog"}}, {"model": "auth.permission", "pk": 27, "fields": {"name": "Can delete blog", "content_type": 7, "codename": "delete_blog"}}, {"model": "auth.permission", "pk": 28, "fields": {"name": "Can view blog", "content_type": 7, "codename": "view_blog"}}, {"model": "auth.permission", "pk": 29, "fields": {"name": "Can add blog type", "content_type": 8, "codename": "add_blogtype"}}, {"model": "auth.permission", "pk": 30, "fields": {"name": "Can change blog type", "content_type": 8, "codename": "change_blogtype"}}, {"model": "auth.permission", "pk": 31, "fields": {"name": "Can delete blog type", "content_type": 8, "codename": "delete_blogtype"}}, {"model": "auth.permission", "pk": 32, "fields": {"name": "Can view blog type", "content_type": 8, "codename": "view_blogtype"}}, {"model": "auth.permission", "pk": 33, "fields": {"name": "Can add read statistics", "content_type": 9, "codename": "add_readstatistics"}}, {"model": "auth.permission", "pk": 34, "fields": {"name": "Can change read statistics", "content_type": 9, "codename": "change_readstatistics"}}, {"model": "auth.permission", "pk": 35, "fields": {"name": "Can delete read statistics", "content_type": 9, "codename": "delete_readstatistics"}}, {"model": "auth.permission", "pk": 36, "fields": {"name": "Can view read statistics", "content_type": 9, "codename": "view_readstatistics"}}, {"model": "auth.permission", "pk": 37, "fields": {"name": "Can add read statistics detail", "content_type": 10, "codename": "add_readstatisticsdetail"}}, {"model": "auth.permission", "pk": 38, "fields": {"name": "Can change read statistics detail", "content_type": 10, "codename": "change_readstatisticsdetail"}}, {"model": "auth.permission", "pk": 39, "fields": {"name": "Can delete read statistics detail", "content_type": 10, "codename": "delete_readstatisticsdetail"}}, {"model": "auth.permission", "pk": 40, "fields": {"name": "Can view read statistics detail", "content_type": 10, "codename": "view_readstatisticsdetail"}}, {"model": "auth.permission", "pk": 41, "fields": {"name": "Can add comment", "content_type": 11, "codename": "add_comment"}}, {"model": "auth.permission", "pk": 42, "fields": {"name": "Can change comment", "content_type": 11, "codename": "change_comment"}}, {"model": "auth.permission", "pk": 43, "fields": {"name": "Can delete comment", "content_type": 11, "codename": "delete_comment"}}, {"model": "auth.permission", "pk": 44, "fields": {"name": "Can view comment", "content_type": 11, "codename": "view_comment"}}, {"model": "auth.permission", "pk": 45, "fields": {"name": "Can add likes count", "content_type": 12, "codename": "add_likescount"}}, {"model": "auth.permission", "pk": 46, "fields": {"name": "Can change likes count", "content_type": 12, "codename": "change_likescount"}}, {"model": "auth.permission", "pk": 47, "fields": {"name": "Can delete likes count", "content_type": 12, "codename": "delete_likescount"}}, {"model": "auth.permission", "pk": 48, "fields": {"name": "Can view likes count", "content_type": 12, "codename": "view_likescount"}}, {"model": "auth.permission", "pk": 49, "fields": {"name": "Can add likes record", "content_type": 13, "codename": "add_likesrecord"}}, {"model": "auth.permission", "pk": 50, "fields": {"name": "Can change likes record", "content_type": 13, "codename": "change_likesrecord"}}, {"model": "auth.permission", "pk": 51, "fields": {"name": "Can delete likes record", "content_type": 13, "codename": "delete_likesrecord"}}, {"model": "auth.permission", "pk": 52, "fields": {"name": "Can view likes record", "content_type": 13, "codename": "view_likesrecord"}}, {"model": "auth.permission", "pk": 53, "fields": {"name": "Can add dislikes count", "content_type": 14, "codename": "add_dislikescount"}}, {"model": "auth.permission", "pk": 54, "fields": {"name": "Can change dislikes count", "content_type": 14, "codename": "change_dislikescount"}}, {"model": "auth.permission", "pk": 55, "fields": {"name": "Can delete dislikes count", "content_type": 14, "codename": "delete_dislikescount"}}, {"model": "auth.permission", "pk": 56, "fields": {"name": "Can view dislikes count", "content_type": 14, "codename": "view_dislikescount"}}, {"model": "auth.permission", "pk": 57, "fields": {"name": "Can add profile", "content_type": 15, "codename": "add_profile"}}, {"model": "auth.permission", "pk": 58, "fields": {"name": "Can change profile", "content_type": 15, "codename": "change_profile"}}, {"model": "auth.permission", "pk": 59, "fields": {"name": "Can delete profile", "content_type": 15, "codename": "delete_profile"}}, {"model": "auth.permission", "pk": 60, "fields": {"name": "Can view profile", "content_type": 15, "codename": "view_profile"}}, {"model": "auth.user", "pk": 1, "fields": {"password": "pbkdf2_sha256$180000$LG8y7QMG9HA6$Jx/ShwAGx+v/Iz/aomINb68eTzxtAnbqOXRZSqkW7bU=", "last_login": "2020-06-24T05:45:27.360Z", "is_superuser": true, "username": "caoxun", "first_name": "", "last_name": "", "email": "273935195@qq.com", "is_staff": true, "is_active": true, "date_joined": "2020-05-29T03:03:00Z", "groups": [], "user_permissions": []}}, {"model": "auth.user", "pk": 3, "fields": {"password": "pbkdf2_sha256$180000$04r11seC3pUQ$GCKnQ4tEC9SSsjZX8eEEG/gR7R7r2FHMpjZjSP30Mxs=", "last_login": "2020-06-16T05:17:34.159Z", "is_superuser": false, "username": "yezi123", "first_name": "", "last_name": "", "email": "yezi@qq.com", "is_staff": false, "is_active": true, "date_joined": "2020-06-05T01:36:38.535Z", "groups": [], "user_permissions": []}}, {"model": "auth.user", "pk": 4, "fields": {"password": "pbkdf2_sha256$180000$Vi7KrEMwAGIz$4j1vwPcODnsB8QmG5oqb539Kp/LgkuVcEvmknXHq9eA=", "last_login": "2020-06-16T14:07:59.222Z", "is_superuser": false, "username": "yeziyezi", "first_name": "", "last_name": "", "email": "123@qq.com", "is_staff": false, "is_active": true, "date_joined": "2020-06-12T01:11:56.061Z", "groups": [], "user_permissions": []}}, {"model": "auth.user", "pk": 5, "fields": {"password": "pbkdf2_sha256$180000$FYy2ZIwUgPy2$/v7tbIsfGHsa4vHrwhYuOGcWDX3qcvvjrEKR7KuFSQg=", "last_login": "2020-06-23T02:55:49.649Z", "is_superuser": false, "username": "test_person_1", "first_name": "", "last_name": "", "email": "test_person_1@qq.com", "is_staff": false, "is_active": true, "date_joined": "2020-06-16T05:27:08.785Z", "groups": [], "user_permissions": []}}, {"model": "auth.user", "pk": 6, "fields": {"password": "pbkdf2_sha256$180000$FvuFCYILCDvS$FdFkBO/VwPRAy1ZJKCfzTSrWnS9EWIzqIl/+DyA5IkQ=", "last_login": "2020-06-23T08:01:25.843Z", "is_superuser": false, "username": "test_person_3", "first_name": "", "last_name": "", "email": "xun.cao@superxon.com", "is_staff": false, "is_active": true, "date_joined": "2020-06-23T07:53:46.093Z", "groups": [], "user_permissions": []}}, {"model": "user.profile", "pk": 1, "fields": {"user": 1, "nickname": "\u5c0f\u5c0f\u8349"}}, {"model": "user.profile", "pk": 2, "fields": {"user": 3, "nickname": "\u53f6\u5b50"}}, {"model": "user.profile", "pk": 3, "fields": {"user": 4, "nickname": "\u53f6\u5b50"}}, {"model": "blog.blog", "pk": 1, "fields": {"title": "\u65b0\u7684\u5f00\u59cb", "auth": 1, "blog_type": 1, "content": "<p>\u8fd9\u662f\u81ea\u5b66\u4e4b\u540e\u5f00\u59cb\u5199\u7f51\u7ad9\u7684\u7b2c\u4e00\u7bc7\u6587\u7ae0\u3002\u8fd9\u662f\u4e00\u4e2a\u5f00\u59cb\u3002<img alt=\"wink\" src=\"http://127.0.0.1:8000/static/ckeditor/ckeditor/plugins/smiley/images/wink_smile.png\" style=\"height:23px; width:23px\" title=\"wink\" /></p>\r\n\r\n<p><img alt=\"\" src=\"/media/upload/2020/06/01/12.png\" style=\"height:180px; width:180px\" /></p>", "created_time": "2020-05-29T03:04:50.192Z", "updated_time": "2020-06-08T01:15:41.090Z", "is_delete": false}}, {"model": "blog.blog", "pk": 2, "fields": {"title": "\u6674\u5929", "auth": 1, "blog_type": 4, "content": "\u4ece\u524d\u4ece\u524d\u6709\u4e2a\u4eba\u7231\u4f60\u5f88\u4e45\uff0c\u4f46\u504f\u504f\u98ce\u6e10\u6e10\u628a\u8ddd\u79bb\u5439\u5f97\u597d\u8fdc\uff0c\u597d\u4e0d\u5bb9\u6613\u53c8\u80fd\u518d\u591a\u7231\u4e00\u5929\uff0c\u4f46\u6545\u4e8b\u7684\u6700\u540e\u4f60\u597d\u50cf\u8fd8\u662f\u8bf4\u4e86\u62dc\u62dc", "created_time": "2020-05-29T03:51:05.732Z", "updated_time": "2020-06-01T05:17:12.248Z", "is_delete": false}}, {"model": "blog.blog", "pk": 3, "fields": {"title": "\u591c\u66f2", "auth": 1, "blog_type": 4, "content": "\u6211\u7528\u6f02\u4eae\u7684\u62bc\u97f5\uff0c\u5f62\u5bb9\u88ab\u63a0\u593a\u4e00\u7a7a\u7684\u7231\u60c5\uff1b\u6211\u7528\u51c4\u7f8e\u7684\u5b57\u578b\uff0c\u63cf\u7ed8\u540e\u6094\u83ab\u53ca\u7684\u90a3\u7231\u60c5\u3002", "created_time": "2020-05-29T03:51:25.689Z", "updated_time": "2020-06-01T05:17:35.364Z", "is_delete": false}}, {"model": "blog.blog", "pk": 4, "fields": {"title": "\u4e00\u8def\u5411\u5317", "auth": 1, "blog_type": 4, "content": "\u6211\u4e00\u8def\u5411\u5317\uff0c\u79bb\u5f00\u6709\u4f60\u7684\u5b63\u8282\uff0c\u4f60\u8bf4\u4f60\u597d\u7d2f\uff0c\u5df2\u65e0\u6cd5\u518d\u7231\u4e0a\u8c01\u3002\u98ce\u5728\u5c71\u8def\u5439\uff0c\u8fc7\u5f80\u7684\u753b\u9762\u5168\u90fd\u662f\u4e0d\u5bf9\uff0c\u7ec6\u6570\u60ed\u6127\uff0c\u6211\u4f24\u4f60\u51e0\u56de", "created_time": "2020-05-29T03:52:00.143Z", "updated_time": "2020-06-01T05:17:55.450Z", "is_delete": false}}, {"model": "blog.blog", "pk": 5, "fields": {"title": "\u4e03\u91cc\u9999", "auth": 1, "blog_type": 4, "content": "\u7a97\u5916\u7684\u9ebb\u96c0 \u5728\u7535\u7ebf\u6746\u4e0a\u591a\u5634\r\n\u4f60\u8bf4\u8fd9\u4e00\u53e5 \u5f88\u6709\u590f\u5929\u7684\u611f\u89c9\r\n\u624b\u4e2d\u7684\u94c5\u7b14 \u5728\u7eb8\u4e0a\u6765\u6765\u56de\u56de\r\n\u6211\u7528\u51e0\u884c\u5b57\u5f62\u5bb9\u4f60\u662f\u6211\u7684bai\u8c01\r\n\u79cb\u5200\u9c7c\u7684\u6ecb\u5473 \u732b\u8ddf\u4f60\u90fd\u60f3\u4e86\u89e3\r\n\u521d\u604b\u7684\u9999\u5473\u5c31\u8fd9\u6837\u88ab\u6211\u4eec\u5bfb\u56de\r\n\u90a3\u6e29\u6696\u7684\u9633\u5149 \u8c61\u521a\u6458\u7684\u9c9c\u8273\u8349\u8393\r\n\u4f60\u8bf4\u4f60\u820d\u4e0d\u5f97\u5403\u6389\u8fd9\u4e00\u79cd\u611f\u89c9\r\n\u96e8\u4e0b\u6574\u591c \u6211\u7684\u7231\u6ea2\u51fa\u5c31\u8c61\u96e8\u6c34\r\n\u9662\u5b50\u843d\u53f6 \u8ddf\u6211\u7684\u601d\u5ff5\u539a\u539a\u4e00\u53e0\r\n\u51e0\u53e5\u662f\u975e \u4e5f\u65e0\u6cd5\u5c06\u6211\u7684\u70ed\u60c5\u51b7\u5374\r\n\u4f60\u51fa\u73b0\u5728\u6211\u8bd7\u7684\u6bcf\u4e00\u9875\r\n\u96e8\u4e0b\u6574\u591c \u6211\u7684\u7231\u6ea2\u51fa\u5c31\u8c61\u96e8\u6c34\r\n\u7a97\u53f0\u8774du\u8776 \u8c61\u8bd7\u91cc\u7eb7\u98de\u7684\u7f8e\u4e3d\u7ae0\u8282\r\n\u6211\u63a5\u7740\u5199 \u628a\u6c38\u8fdc\u7231\u4f60\u5199\u8fdb\u8bd7\u7684\u7ed3\u5c3e\r\n\u4f60\u662f\u6211\u552f\u4e00\u60f3\u8981\u7684\u4e86\u89e3\r\n\u96e8\u4e0b\u6574\u591c \u6211\u7684\u7231\u6ea2\u51fa\u5c31\u8c61\u96e8\u6c34\r\n\u9662\u5b50\u843d\u53f6 \u8ddf\u6211\u7684\u601d\u5ff5\u539a\u539a\u4e00\u53e0zhi\r\n\u51e0\u53e5\u662f\u975e \u4e5f\u65e0\u6cd5\u5c06\u6211\u7684\u70ed\u60c5\u51b7\u5374\r\n\u4f60\u51fa\u73b0\u5728\u6211\u8bd7\u7684\u6bcf\u4e00\u9875\r\n\u90a3\u9971\u6ee1\u7684\u7a3b\u7a57 \u5e78\u798f\u4e86\u8fd9\u4e2a\u5b63\u8282\r\n\u800c\u4f60\u7684\u8138\u988a\u8c61\u7530\u91cc\u719fdao\u900f\u7684\u8543\u8304\r\n\u4f60\u7a81\u7136\u5bf9\u6211\u8bf4\r\n\u4e03\u91cc\u9999\u7684\u540d\u5b57\u5f88\u7f8e\r\n\u6211\u6b64\u523b\u5374\u53ea\u60f3\u4eb2\u543b\u4f60\u5014\u5f3a\u7684\u5634\r\n\u96e8\u4e0b\u6574\u591c \u6211\u7684\u7231\u6ea2\u51fa\u5c31\u8c61\u96e8\u6c34\r\n\u9662\u5b50\u843d\u53f6 \u8ddf\u6211\u7684\u601d\u5ff5\u539a\u539a\u4e00\u53e0\r\n\u51e0\u53e5\u662f\u975e \u4e5f\u65e0\u6cd5\u5c06\u6211\u7684\u70ed\u60c5\u51b7\u5374\r\n\u4f60\u51fa\u73b0\u5728\u6211\u8bd7\u7684\u6bcf\u4e00\u9875\r\n\u6574\u591c \u6211\u7684\u7231\u6ea2\u51fa\u5c31\u8c61\u96e8\u6c34\r\n\u7a97\u53f0\u8774\u8776 \u8c61\u8bd7\u91cc\u7eb7\u98de\u7684\u7f8e\u4e3d\u7ae0\u8282\r\n\u6211\u63a5\u7740\u5199 \u628a\u6c38\u8fdc\u7231\u4f60\u5199\u8fdb\u8bd7\u7684\u7ed3\u5c3e\r\n\u4f60\u662f\u6211\u552f\u4e00\u60f3\u8981\u7684\u4e86\u89e3", "created_time": "2020-06-01T01:50:56.573Z", "updated_time": "2020-06-01T05:23:03.218Z", "is_delete": false}}, {"model": "blog.blog", "pk": 6, "fields": {"title": "shell\u4e0b\u5faa\u73af\u521b\u5efa\u7b2c1\u7bc7\u6587\u7ae0", "auth": 1, "blog_type": 1, "content": "\u5faa\u73af\u7b2c1\u7bc7\u6587\u7ae0\u6b63\u6587", "created_time": "2020-06-01T02:47:56.603Z", "updated_time": "2020-06-01T02:47:56.603Z", "is_delete": false}}, {"model": "blog.blog", "pk": 7, "fields": {"title": "shell\u4e0b\u5faa\u73af\u521b\u5efa\u7b2c2\u7bc7\u6587\u7ae0", "auth": 1, "blog_type": 1, "content": "\u5faa\u73af\u7b2c2\u7bc7\u6587\u7ae0\u6b63\u6587", "created_time": "2020-06-01T02:47:56.712Z", "updated_time": "2020-06-01T02:47:56.712Z", "is_delete": false}}, {"model": "blog.blog", "pk": 8, "fields": {"title": "shell\u4e0b\u5faa\u73af\u521b\u5efa\u7b2c3\u7bc7\u6587\u7ae0", "auth": 1, "blog_type": 1, "content": "\u5faa\u73af\u7b2c3\u7bc7\u6587\u7ae0\u6b63\u6587", "created_time": "2020-06-01T02:47:56.815Z", "updated_time": "2020-06-01T02:47:56.815Z", "is_delete": false}}, {"model": "blog.blog", "pk": 9, "fields": {"title": "shell\u4e0b\u5faa\u73af\u521b\u5efa\u7b2c4\u7bc7\u6587\u7ae0", "auth": 1, "blog_type": 1, "content": "\u5faa\u73af\u7b2c4\u7bc7\u6587\u7ae0\u6b63\u6587", "created_time": "2020-06-01T02:47:56.901Z", "updated_time": "2020-06-01T02:47:56.902Z", "is_delete": false}}, {"model": "blog.blog", "pk": 10, "fields": {"title": "shell\u4e0b\u5faa\u73af\u521b\u5efa\u7b2c5\u7bc7\u6587\u7ae0", "auth": 1, "blog_type": 1, "content": "\u5faa\u73af\u7b2c5\u7bc7\u6587\u7ae0\u6b63\u6587", "created_time": "2020-06-01T02:47:56.989Z", "updated_time": "2020-06-01T02:47:56.989Z", "is_delete": false}}, {"model": "blog.blog", "pk": 11, "fields": {"title": "shell\u4e0b\u5faa\u73af\u521b\u5efa\u7b2c6\u7bc7\u6587\u7ae0", "auth": 1, "blog_type": 1, "content": "\u5faa\u73af\u7b2c6\u7bc7\u6587\u7ae0\u6b63\u6587", "created_time": "2020-06-01T02:47:57.078Z", "updated_time": "2020-06-01T02:47:57.079Z", "is_delete": false}}, {"model": "blog.blog", "pk": 12, "fields": {"title": "shell\u4e0b\u5faa\u73af\u521b\u5efa\u7b2c7\u7bc7\u6587\u7ae0", "auth": 1, "blog_type": 1, "content": "\u5faa\u73af\u7b2c7\u7bc7\u6587\u7ae0\u6b63\u6587", "created_time": "2020-06-01T02:47:57.180Z", "updated_time": "2020-06-01T02:47:57.180Z", "is_delete": false}}, {"model": "blog.blog", "pk": 13, "fields": {"title": "shell\u4e0b\u5faa\u73af\u521b\u5efa\u7b2c8\u7bc7\u6587\u7ae0", "auth": 1, "blog_type": 1, "content": "\u5faa\u73af\u7b2c8\u7bc7\u6587\u7ae0\u6b63\u6587", "created_time": "2020-06-01T02:47:57.283Z", "updated_time": "2020-06-01T02:47:57.283Z", "is_delete": false}}, {"model": "blog.blog", "pk": 14, "fields": {"title": "shell\u4e0b\u5faa\u73af\u521b\u5efa\u7b2c9\u7bc7\u6587\u7ae0", "auth": 1, "blog_type": 1, "content": "\u5faa\u73af\u7b2c9\u7bc7\u6587\u7ae0\u6b63\u6587", "created_time": "2020-06-01T02:47:57.371Z", "updated_time": "2020-06-01T02:47:57.371Z", "is_delete": false}}, {"model": "blog.blog", "pk": 15, "fields": {"title": "shell\u4e0b\u5faa\u73af\u521b\u5efa\u7b2c10\u7bc7\u6587\u7ae0", "auth": 1, "blog_type": 1, "content": "\u5faa\u73af\u7b2c10\u7bc7\u6587\u7ae0\u6b63\u6587", "created_time": "2020-06-01T02:47:57.462Z", "updated_time": "2020-06-01T02:47:57.462Z", "is_delete": false}}, {"model": "blog.blog", "pk": 16, "fields": {"title": "shell\u4e0b\u5faa\u73af\u521b\u5efa\u7b2c11\u7bc7\u6587\u7ae0", "auth": 1, "blog_type": 1, "content": "\u5faa\u73af\u7b2c11\u7bc7\u6587\u7ae0\u6b63\u6587", "created_time": "2020-06-01T02:47:57.555Z", "updated_time": "2020-06-01T02:47:57.555Z", "is_delete": false}}, {"model": "blog.blog", "pk": 17, "fields": {"title": "shell\u4e0b\u5faa\u73af\u521b\u5efa\u7b2c12\u7bc7\u6587\u7ae0", "auth": 1, "blog_type": 1, "content": "\u5faa\u73af\u7b2c12\u7bc7\u6587\u7ae0\u6b63\u6587", "created_time": "2020-06-01T02:47:57.645Z", "updated_time": "2020-06-01T02:47:57.645Z", "is_delete": false}}, {"model": "blog.blog", "pk": 18, "fields": {"title": "shell\u4e0b\u5faa\u73af\u521b\u5efa\u7b2c13\u7bc7\u6587\u7ae0", "auth": 1, "blog_type": 1, "content": "\u5faa\u73af\u7b2c13\u7bc7\u6587\u7ae0\u6b63\u6587", "created_time": "2020-06-01T02:47:57.739Z", "updated_time": "2020-06-01T02:47:57.739Z", "is_delete": false}}, {"model": "blog.blog", "pk": 19, "fields": {"title": "shell\u4e0b\u5faa\u73af\u521b\u5efa\u7b2c14\u7bc7\u6587\u7ae0", "auth": 1, "blog_type": 1, "content": "\u5faa\u73af\u7b2c14\u7bc7\u6587\u7ae0\u6b63\u6587", "created_time": "2020-06-01T02:47:57.844Z", "updated_time": "2020-06-01T02:47:57.844Z", "is_delete": false}}, {"model": "blog.blog", "pk": 20, "fields": {"title": "shell\u4e0b\u5faa\u73af\u521b\u5efa\u7b2c15\u7bc7\u6587\u7ae0", "auth": 1, "blog_type": 1, "content": "\u5faa\u73af\u7b2c15\u7bc7\u6587\u7ae0\u6b63\u6587", "created_time": "2020-06-01T02:47:57.939Z", "updated_time": "2020-06-01T02:47:57.939Z", "is_delete": false}}, {"model": "blog.blog", "pk": 21, "fields": {"title": "shell\u4e0b\u5faa\u73af\u521b\u5efa\u7b2c16\u7bc7\u6587\u7ae0", "auth": 1, "blog_type": 1, "content": "\u5faa\u73af\u7b2c16\u7bc7\u6587\u7ae0\u6b63\u6587", "created_time": "2020-06-01T02:47:58.030Z", "updated_time": "2020-06-01T02:47:58.030Z", "is_delete": false}}, {"model": "blog.blog", "pk": 22, "fields": {"title": "shell\u4e0b\u5faa\u73af\u521b\u5efa\u7b2c17\u7bc7\u6587\u7ae0", "auth": 1, "blog_type": 1, "content": "\u5faa\u73af\u7b2c17\u7bc7\u6587\u7ae0\u6b63\u6587", "created_time": "2020-06-01T02:47:58.169Z", "updated_time": "2020-06-01T02:47:58.170Z", "is_delete": false}}, {"model": "blog.blog", "pk": 23, "fields": {"title": "shell\u4e0b\u5faa\u73af\u521b\u5efa\u7b2c18\u7bc7\u6587\u7ae0", "auth": 1, "blog_type": 1, "content": "\u5faa\u73af\u7b2c18\u7bc7\u6587\u7ae0\u6b63\u6587", "created_time": "2020-06-01T02:47:58.333Z", "updated_time": "2020-06-01T02:47:58.333Z", "is_delete": false}}, {"model": "blog.blog", "pk": 24, "fields": {"title": "shell\u4e0b\u5faa\u73af\u521b\u5efa\u7b2c19\u7bc7\u6587\u7ae0", "auth": 1, "blog_type": 1, "content": "\u5faa\u73af\u7b2c19\u7bc7\u6587\u7ae0\u6b63\u6587", "created_time": "2020-06-01T02:47:58.602Z", "updated_time": "2020-06-01T02:47:58.602Z", "is_delete": false}}, {"model": "blog.blog", "pk": 25, "fields": {"title": "shell\u4e0b\u5faa\u73af\u521b\u5efa\u7b2c20\u7bc7\u6587\u7ae0", "auth": 1, "blog_type": 1, "content": "\u5faa\u73af\u7b2c20\u7bc7\u6587\u7ae0\u6b63\u6587", "created_time": "2020-06-01T02:47:58.706Z", "updated_time": "2020-06-01T02:47:58.706Z", "is_delete": false}}, {"model": "blog.blog", "pk": 26, "fields": {"title": "shell\u4e0b\u5faa\u73af\u521b\u5efa\u7b2c21\u7bc7\u6587\u7ae0", "auth": 1, "blog_type": 1, "content": "\u5faa\u73af\u7b2c21\u7bc7\u6587\u7ae0\u6b63\u6587", "created_time": "2020-06-01T02:47:58.811Z", "updated_time": "2020-06-01T02:47:58.811Z", "is_delete": false}}, {"model": "blog.blog", "pk": 27, "fields": {"title": "shell\u4e0b\u5faa\u73af\u521b\u5efa\u7b2c22\u7bc7\u6587\u7ae0", "auth": 1, "blog_type": 1, "content": "\u5faa\u73af\u7b2c22\u7bc7\u6587\u7ae0\u6b63\u6587", "created_time": "2020-06-01T02:47:58.905Z", "updated_time": "2020-06-01T02:47:58.905Z", "is_delete": false}}, {"model": "blog.blog", "pk": 28, "fields": {"title": "shell\u4e0b\u5faa\u73af\u521b\u5efa\u7b2c23\u7bc7\u6587\u7ae0", "auth": 1, "blog_type": 1, "content": "\u5faa\u73af\u7b2c23\u7bc7\u6587\u7ae0\u6b63\u6587", "created_time": "2020-06-01T02:47:59.012Z", "updated_time": "2020-06-01T02:47:59.012Z", "is_delete": false}}, {"model": "blog.blog", "pk": 29, "fields": {"title": "shell\u4e0b\u5faa\u73af\u521b\u5efa\u7b2c24\u7bc7\u6587\u7ae0", "auth": 1, "blog_type": 1, "content": "\u5faa\u73af\u7b2c24\u7bc7\u6587\u7ae0\u6b63\u6587", "created_time": "2020-06-01T02:47:59.110Z", "updated_time": "2020-06-01T02:47:59.110Z", "is_delete": false}}, {"model": "blog.blog", "pk": 30, "fields": {"title": "shell\u4e0b\u5faa\u73af\u521b\u5efa\u7b2c25\u7bc7\u6587\u7ae0", "auth": 1, "blog_type": 1, "content": "\u5faa\u73af\u7b2c25\u7bc7\u6587\u7ae0\u6b63\u6587", "created_time": "2020-06-01T02:47:59.211Z", "updated_time": "2020-06-01T02:47:59.211Z", "is_delete": false}}, {"model": "blog.blog", "pk": 31, "fields": {"title": "shell\u4e0b\u5faa\u73af\u521b\u5efa\u7b2c26\u7bc7\u6587\u7ae0", "auth": 1, "blog_type": 1, "content": "\u5faa\u73af\u7b2c26\u7bc7\u6587\u7ae0\u6b63\u6587", "created_time": "2020-06-01T02:47:59.314Z", "updated_time": "2020-06-01T02:47:59.314Z", "is_delete": false}}, {"model": "blog.blog", "pk": 32, "fields": {"title": "shell\u4e0b\u5faa\u73af\u521b\u5efa\u7b2c27\u7bc7\u6587\u7ae0", "auth": 1, "blog_type": 1, "content": "\u5faa\u73af\u7b2c27\u7bc7\u6587\u7ae0\u6b63\u6587", "created_time": "2020-06-01T02:47:59.419Z", "updated_time": "2020-06-01T02:47:59.419Z", "is_delete": false}}, {"model": "blog.blog", "pk": 33, "fields": {"title": "shell\u4e0b\u5faa\u73af\u521b\u5efa\u7b2c28\u7bc7\u6587\u7ae0", "auth": 1, "blog_type": 1, "content": "\u5faa\u73af\u7b2c28\u7bc7\u6587\u7ae0\u6b63\u6587", "created_time": "2020-06-01T02:47:59.513Z", "updated_time": "2020-06-01T02:47:59.513Z", "is_delete": false}}, {"model": "blog.blog", "pk": 34, "fields": {"title": "shell\u4e0b\u5faa\u73af\u521b\u5efa\u7b2c29\u7bc7\u6587\u7ae0", "auth": 1, "blog_type": 1, "content": "\u5faa\u73af\u7b2c29\u7bc7\u6587\u7ae0\u6b63\u6587", "created_time": "2020-06-01T02:47:59.611Z", "updated_time": "2020-06-01T02:47:59.611Z", "is_delete": false}}, {"model": "blog.blog", "pk": 35, "fields": {"title": "shell\u4e0b\u5faa\u73af\u521b\u5efa\u7b2c30\u7bc7\u6587\u7ae0", "auth": 1, "blog_type": 1, "content": "\u5faa\u73af\u7b2c30\u7bc7\u6587\u7ae0\u6b63\u6587", "created_time": "2020-06-01T02:47:59.705Z", "updated_time": "2020-06-01T07:56:32.371Z", "is_delete": true}}, {"model": "blog.blog", "pk": 36, "fields": {"title": "test \u53d1\u90ae\u4ef6", "auth": 6, "blog_type": 2, "content": "<p>test \u53d1\u90ae\u4ef6</p>", "created_time": "2020-06-24T05:48:34.116Z", "updated_time": "2020-06-24T05:48:34.116Z", "is_delete": false}}, {"model": "comment.comment", "pk": 107, "fields": {"content_type": 7, "object_id": 1, "context": "<p>\u5199\u7684\u4e0d\u9519<img alt=\"smiley\" src=\"http://localhost:8000/static/ckeditor/ckeditor/plugins/smiley/images/regular_smile.png\" style=\"height:23px; width:23px\" title=\"smiley\" /></p>", "commented_time": "2020-06-09T05:37:11.267Z", "user": 1, "root": null, "parent": null, "reply_to": null}}, {"model": "comment.comment", "pk": 108, "fields": {"content_type": 7, "object_id": 1, "context": "<p>\u8bc4\u8bba\u7684\u4e0d\u9519\u3002<img alt=\"angel\" src=\"http://localhost:8000/static/ckeditor/ckeditor/plugins/smiley/images/angel_smile.png\" style=\"height:23px; width:23px\" title=\"angel\" /></p>", "commented_time": "2020-06-09T05:38:42.290Z", "user": 3, "root": 107, "parent": 107, "reply_to": 1}}, {"model": "comment.comment", "pk": 109, "fields": {"content_type": 7, "object_id": 1, "context": "<p>123</p>", "commented_time": "2020-06-12T02:21:13.772Z", "user": 1, "root": null, "parent": null, "reply_to": null}}, {"model": "comment.comment", "pk": 110, "fields": {"content_type": 7, "object_id": 1, "context": "<p>OJBK.</p>", "commented_time": "2020-06-16T05:38:21.645Z", "user": 5, "root": 107, "parent": 108, "reply_to": 3}}, {"model": "comment.comment", "pk": 111, "fields": {"content_type": 7, "object_id": 1, "context": "<p>\u8fd8\u53ef\u4ee5</p>", "commented_time": "2020-06-16T05:39:49.598Z", "user": 5, "root": 107, "parent": 108, "reply_to": 3}}, {"model": "comment.comment", "pk": 112, "fields": {"content_type": 7, "object_id": 1, "context": "<p>\u8fd8\u53ef\u4ee5\u3002</p>", "commented_time": "2020-06-16T05:41:52.064Z", "user": 5, "root": 107, "parent": 108, "reply_to": 3}}, {"model": "comment.comment", "pk": 113, "fields": {"content_type": 7, "object_id": 1, "context": "<p>test\u8bc4\u8bba</p>", "commented_time": "2020-06-24T05:44:35.116Z", "user": 6, "root": null, "parent": null, "reply_to": null}}, {"model": "comment.comment", "pk": 114, "fields": {"content_type": 7, "object_id": 36, "context": "<p>\u5199\u5f97\u597d</p>", "commented_time": "2020-06-24T05:49:01.220Z", "user": 1, "root": null, "parent": null, "reply_to": null}}, {"model": "comment.comment", "pk": 115, "fields": {"content_type": 7, "object_id": 1, "context": "<p>\u8bc4\u8bba\u5f97\u4e0d\u9519</p>", "commented_time": "2020-06-24T05:50:29.395Z", "user": 1, "root": 113, "parent": 113, "reply_to": 6}}, {"model": "likes.likesrecord", "pk": 16, "fields": {"content_type": 7, "object_id": 6, "likes_time": "2020-06-11", "likes_user": 1, "is_like": true}}, {"model": "likes.likesrecord", "pk": 17, "fields": {"content_type": 7, "object_id": 6, "likes_time": "2020-06-11", "likes_user": 3, "is_like": false}}, {"model": "admin.logentry", "pk": 1, "fields": {"action_time": "2020-05-29T03:04:50.194Z", "user": 1, "content_type": 7, "object_id": "1", "object_repr": "Blog object (1)", "action_flag": 1, "change_message": "[{\"added\": {}}]"}}, {"model": "admin.logentry", "pk": 2, "fields": {"action_time": "2020-05-29T03:06:01.750Z", "user": 1, "content_type": 8, "object_id": "1", "object_repr": "BlogType object (1)", "action_flag": 1, "change_message": "[{\"added\": {}}]"}}, {"model": "admin.logentry", "pk": 3, "fields": {"action_time": "2020-05-29T03:06:16.765Z", "user": 1, "content_type": 8, "object_id": "2", "object_repr": "BlogType object (2)", "action_flag": 1, "change_message": "[{\"added\": {}}]"}}, {"model": "admin.logentry", "pk": 4, "fields": {"action_time": "2020-05-29T03:06:26.162Z", "user": 1, "content_type": 8, "object_id": "3", "object_repr": "BlogType object (3)", "action_flag": 1, "change_message": "[{\"added\": {}}]"}}, {"model": "admin.logentry", "pk": 5, "fields": {"action_time": "2020-05-29T03:51:05.733Z", "user": 1, "content_type": 7, "object_id": "2", "object_repr": "\u6d4b\u8bd51", "action_flag": 1, "change_message": "[{\"added\": {}}]"}}, {"model": "admin.logentry", "pk": 6, "fields": {"action_time": "2020-05-29T03:51:25.690Z", "user": 1, "content_type": 7, "object_id": "3", "object_repr": "\u6d4b\u8bd52", "action_flag": 1, "change_message": "[{\"added\": {}}]"}}, {"model": "admin.logentry", "pk": 7, "fields": {"action_time": "2020-05-29T03:52:00.144Z", "user": 1, "content_type": 7, "object_id": "4", "object_repr": "\u6d4b\u8bd53", "action_flag": 1, "change_message": "[{\"added\": {}}]"}}, {"model": "admin.logentry", "pk": 8, "fields": {"action_time": "2020-06-01T05:15:05.748Z", "user": 1, "content_type": 7, "object_id": "1", "object_repr": "\u65b0\u7684\u5f00\u59cb", "action_flag": 2, "change_message": "[{\"changed\": {\"fields\": [\"\\u6b63\\u6587\"]}}]"}}, {"model": "admin.logentry", "pk": 9, "fields": {"action_time": "2020-06-01T05:16:39.502Z", "user": 1, "content_type": 7, "object_id": "2", "object_repr": "\u6674\u5929", "action_flag": 2, "change_message": "[{\"changed\": {\"fields\": [\"\\u6807\\u9898\", \"\\u6b63\\u6587\"]}}]"}}, {"model": "admin.logentry", "pk": 10, "fields": {"action_time": "2020-06-01T05:16:59.294Z", "user": 1, "content_type": 8, "object_id": "4", "object_repr": "\u6b4c\u8bcd", "action_flag": 1, "change_message": "[{\"added\": {}}]"}}, {"model": "admin.logentry", "pk": 11, "fields": {"action_time": "2020-06-01T05:17:12.250Z", "user": 1, "content_type": 7, "object_id": "2", "object_repr": "\u6674\u5929", "action_flag": 2, "change_message": "[{\"changed\": {\"fields\": [\"\\u5206\\u7c7b\"]}}]"}}, {"model": "admin.logentry", "pk": 12, "fields": {"action_time": "2020-06-01T05:17:35.366Z", "user": 1, "content_type": 7, "object_id": "3", "object_repr": "\u591c\u66f2", "action_flag": 2, "change_message": "[{\"changed\": {\"fields\": [\"\\u6807\\u9898\", \"\\u5206\\u7c7b\", \"\\u6b63\\u6587\"]}}]"}}, {"model": "admin.logentry", "pk": 13, "fields": {"action_time": "2020-06-01T05:17:55.451Z", "user": 1, "content_type": 7, "object_id": "4", "object_repr": "\u4e00\u8def\u5411\u5317", "action_flag": 2, "change_message": "[{\"changed\": {\"fields\": [\"\\u6807\\u9898\", \"\\u5206\\u7c7b\", \"\\u6b63\\u6587\"]}}]"}}, {"model": "admin.logentry", "pk": 14, "fields": {"action_time": "2020-06-01T05:18:40.121Z", "user": 1, "content_type": 7, "object_id": "5", "object_repr": "\u4e03\u91cc\u9999", "action_flag": 2, "change_message": "[{\"changed\": {\"fields\": [\"\\u6807\\u9898\", \"\\u5206\\u7c7b\", \"\\u6b63\\u6587\"]}}]"}}, {"model": "admin.logentry", "pk": 15, "fields": {"action_time": "2020-06-01T05:23:03.219Z", "user": 1, "content_type": 7, "object_id": "5", "object_repr": "\u4e03\u91cc\u9999", "action_flag": 2, "change_message": "[]"}}, {"model": "admin.logentry", "pk": 16, "fields": {"action_time": "2020-06-01T07:56:32.424Z", "user": 1, "content_type": 7, "object_id": "35", "object_repr": "shell\u4e0b\u5faa\u73af\u521b\u5efa\u7b2c30\u7bc7\u6587\u7ae0", "action_flag": 2, "change_message": "[{\"changed\": {\"fields\": [\"Is delete\"]}}]"}}, {"model": "admin.logentry", "pk": 17, "fields": {"action_time": "2020-06-01T08:46:56.076Z", "user": 1, "content_type": 7, "object_id": "1", "object_repr": "\u65b0\u7684\u5f00\u59cb", "action_flag": 2, "change_message": "[{\"changed\": {\"fields\": [\"\\u6b63\\u6587\"]}}]"}}, {"model": "admin.logentry", "pk": 18, "fields": {"action_time": "2020-06-01T08:53:54.528Z", "user": 1, "content_type": 7, "object_id": "1", "object_repr": "\u65b0\u7684\u5f00\u59cb", "action_flag": 2, "change_message": "[{\"changed\": {\"fields\": [\"\\u6b63\\u6587\"]}}]"}}, {"model": "admin.logentry", "pk": 19, "fields": {"action_time": "2020-06-01T09:07:26.269Z", "user": 1, "content_type": 7, "object_id": "1", "object_repr": "\u65b0\u7684\u5f00\u59cb", "action_flag": 2, "change_message": "[{\"changed\": {\"fields\": [\"\\u6b63\\u6587\"]}}]"}}, {"model": "admin.logentry", "pk": 20, "fields": {"action_time": "2020-06-01T09:15:08.889Z", "user": 1, "content_type": 7, "object_id": "1", "object_repr": "\u65b0\u7684\u5f00\u59cb", "action_flag": 2, "change_message": "[{\"changed\": {\"fields\": [\"\\u6b63\\u6587\"]}}]"}}, {"model": "admin.logentry", "pk": 21, "fields": {"action_time": "2020-06-01T09:16:29.702Z", "user": 1, "content_type": 7, "object_id": "1", "object_repr": "\u65b0\u7684\u5f00\u59cb", "action_flag": 2, "change_message": "[{\"changed\": {\"fields\": [\"\\u6b63\\u6587\"]}}]"}}, {"model": "admin.logentry", "pk": 22, "fields": {"action_time": "2020-06-01T09:17:43.997Z", "user": 1, "content_type": 7, "object_id": "1", "object_repr": "\u65b0\u7684\u5f00\u59cb", "action_flag": 2, "change_message": "[{\"changed\": {\"fields\": [\"\\u6b63\\u6587\"]}}]"}}, {"model": "admin.logentry", "pk": 23, "fields": {"action_time": "2020-06-01T09:23:38.198Z", "user": 1, "content_type": 7, "object_id": "1", "object_repr": "\u65b0\u7684\u5f00\u59cb", "action_flag": 2, "change_message": "[{\"changed\": {\"fields\": [\"\\u6b63\\u6587\"]}}]"}}, {"model": "admin.logentry", "pk": 24, "fields": {"action_time": "2020-06-01T09:23:57.370Z", "user": 1, "content_type": 7, "object_id": "1", "object_repr": "\u65b0\u7684\u5f00\u59cb", "action_flag": 2, "change_message": "[{\"changed\": {\"fields\": [\"\\u6b63\\u6587\"]}}]"}}, {"model": "admin.logentry", "pk": 25, "fields": {"action_time": "2020-06-03T01:15:24.307Z", "user": 1, "content_type": 9, "object_id": "1", "object_repr": "ReadStatistics object (1)", "action_flag": 3, "change_message": ""}}, {"model": "admin.logentry", "pk": 26, "fields": {"action_time": "2020-06-03T01:26:27.445Z", "user": 1, "content_type": 10, "object_id": "1", "object_repr": "ReadStatisticsDetail object (1)", "action_flag": 2, "change_message": "[{\"changed\": {\"fields\": [\"Read num\"]}}]"}}, {"model": "admin.logentry", "pk": 27, "fields": {"action_time": "2020-06-03T01:26:59.356Z", "user": 1, "content_type": 10, "object_id": "2", "object_repr": "ReadStatisticsDetail object (2)", "action_flag": 1, "change_message": "[{\"added\": {}}]"}}, {"model": "admin.logentry", "pk": 28, "fields": {"action_time": "2020-06-03T01:27:12.515Z", "user": 1, "content_type": 9, "object_id": "2", "object_repr": "ReadStatistics object (2)", "action_flag": 2, "change_message": "[{\"changed\": {\"fields\": [\"Read num\"]}}]"}}, {"model": "admin.logentry", "pk": 29, "fields": {"action_time": "2020-06-03T04:17:13.554Z", "user": 1, "content_type": 10, "object_id": "6", "object_repr": "ReadStatisticsDetail object (6)", "action_flag": 1, "change_message": "[{\"added\": {}}]"}}, {"model": "admin.logentry", "pk": 30, "fields": {"action_time": "2020-06-03T04:17:35.340Z", "user": 1, "content_type": 9, "object_id": "2", "object_repr": "ReadStatistics object (2)", "action_flag": 2, "change_message": "[{\"changed\": {\"fields\": [\"Read num\"]}}]"}}, {"model": "admin.logentry", "pk": 31, "fields": {"action_time": "2020-06-03T06:47:05.026Z", "user": 1, "content_type": 9, "object_id": "4", "object_repr": "ReadStatistics object (4)", "action_flag": 2, "change_message": "[{\"changed\": {\"fields\": [\"Read num\"]}}]"}}, {"model": "admin.logentry", "pk": 32, "fields": {"action_time": "2020-06-03T06:47:18.206Z", "user": 1, "content_type": 10, "object_id": "4", "object_repr": "ReadStatisticsDetail object (4)", "action_flag": 2, "change_message": "[{\"changed\": {\"fields\": [\"Read num\"]}}]"}}, {"model": "admin.logentry", "pk": 33, "fields": {"action_time": "2020-06-03T08:47:30.650Z", "user": 1, "content_type": 11, "object_id": "1", "object_repr": "Comment object (1)", "action_flag": 1, "change_message": "[{\"added\": {}}]"}}, {"model": "admin.logentry", "pk": 34, "fields": {"action_time": "2020-06-07T15:33:49.416Z", "user": 1, "content_type": 11, "object_id": "29", "object_repr": "Comment object (29)", "action_flag": 3, "change_message": ""}}, {"model": "admin.logentry", "pk": 35, "fields": {"action_time": "2020-06-07T15:33:49.420Z", "user": 1, "content_type": 11, "object_id": "28", "object_repr": "Comment object (28)", "action_flag": 3, "change_message": ""}}, {"model": "admin.logentry", "pk": 36, "fields": {"action_time": "2020-06-07T15:33:49.424Z", "user": 1, "content_type": 11, "object_id": "27", "object_repr": "Comment object (27)", "action_flag": 3, "change_message": ""}}, {"model": "admin.logentry", "pk": 37, "fields": {"action_time": "2020-06-07T15:33:49.429Z", "user": 1, "content_type": 11, "object_id": "26", "object_repr": "Comment object (26)", "action_flag": 3, "change_message": ""}}, {"model": "admin.logentry", "pk": 38, "fields": {"action_time": "2020-06-07T15:33:49.432Z", "user": 1, "content_type": 11, "object_id": "25", "object_repr": "Comment object (25)", "action_flag": 3, "change_message": ""}}, {"model": "admin.logentry", "pk": 39, "fields": {"action_time": "2020-06-07T15:33:49.436Z", "user": 1, "content_type": 11, "object_id": "24", "object_repr": "Comment object (24)", "action_flag": 3, "change_message": ""}}, {"model": "admin.logentry", "pk": 40, "fields": {"action_time": "2020-06-07T15:33:49.441Z", "user": 1, "content_type": 11, "object_id": "23", "object_repr": "Comment object (23)", "action_flag": 3, "change_message": ""}}, {"model": "admin.logentry", "pk": 41, "fields": {"action_time": "2020-06-07T15:33:49.446Z", "user": 1, "content_type": 11, "object_id": "22", "object_repr": "Comment object (22)", "action_flag": 3, "change_message": ""}}, {"model": "admin.logentry", "pk": 42, "fields": {"action_time": "2020-06-07T15:33:49.450Z", "user": 1, "content_type": 11, "object_id": "21", "object_repr": "Comment object (21)", "action_flag": 3, "change_message": ""}}, {"model": "admin.logentry", "pk": 43, "fields": {"action_time": "2020-06-07T15:33:49.455Z", "user": 1, "content_type": 11, "object_id": "20", "object_repr": "Comment object (20)", "action_flag": 3, "change_message": ""}}, {"model": "admin.logentry", "pk": 44, "fields": {"action_time": "2020-06-07T15:33:49.460Z", "user": 1, "content_type": 11, "object_id": "19", "object_repr": "Comment object (19)", "action_flag": 3, "change_message": ""}}, {"model": "admin.logentry", "pk": 45, "fields": {"action_time": "2020-06-07T15:33:49.464Z", "user": 1, "content_type": 11, "object_id": "18", "object_repr": "Comment object (18)", "action_flag": 3, "change_message": ""}}, {"model": "admin.logentry", "pk": 46, "fields": {"action_time": "2020-06-07T15:33:49.469Z", "user": 1, "content_type": 11, "object_id": "17", "object_repr": "Comment object (17)", "action_flag": 3, "change_message": ""}}, {"model": "admin.logentry", "pk": 47, "fields": {"action_time": "2020-06-07T15:33:49.474Z", "user": 1, "content_type": 11, "object_id": "16", "object_repr": "Comment object (16)", "action_flag": 3, "change_message": ""}}, {"model": "admin.logentry", "pk": 48, "fields": {"action_time": "2020-06-07T15:33:49.478Z", "user": 1, "content_type": 11, "object_id": "15", "object_repr": "Comment object (15)", "action_flag": 3, "change_message": ""}}, {"model": "admin.logentry", "pk": 49, "fields": {"action_time": "2020-06-07T15:33:49.483Z", "user": 1, "content_type": 11, "object_id": "14", "object_repr": "Comment object (14)", "action_flag": 3, "change_message": ""}}, {"model": "admin.logentry", "pk": 50, "fields": {"action_time": "2020-06-07T15:33:49.488Z", "user": 1, "content_type": 11, "object_id": "13", "object_repr": "Comment object (13)", "action_flag": 3, "change_message": ""}}, {"model": "admin.logentry", "pk": 51, "fields": {"action_time": "2020-06-07T15:33:49.492Z", "user": 1, "content_type": 11, "object_id": "12", "object_repr": "Comment object (12)", "action_flag": 3, "change_message": ""}}, {"model": "admin.logentry", "pk": 52, "fields": {"action_time": "2020-06-07T15:33:49.509Z", "user": 1, "content_type": 11, "object_id": "11", "object_repr": "Comment object (11)", "action_flag": 3, "change_message": ""}}, {"model": "admin.logentry", "pk": 53, "fields": {"action_time": "2020-06-07T15:33:49.514Z", "user": 1, "content_type": 11, "object_id": "10", "object_repr": "Comment object (10)", "action_flag": 3, "change_message": ""}}, {"model": "admin.logentry", "pk": 54, "fields": {"action_time": "2020-06-07T15:33:49.518Z", "user": 1, "content_type": 11, "object_id": "9", "object_repr": "Comment object (9)", "action_flag": 3, "change_message": ""}}, {"model": "admin.logentry", "pk": 55, "fields": {"action_time": "2020-06-07T15:33:49.524Z", "user": 1, "content_type": 11, "object_id": "8", "object_repr": "Comment object (8)", "action_flag": 3, "change_message": ""}}, {"model": "admin.logentry", "pk": 56, "fields": {"action_time": "2020-06-07T15:33:49.528Z", "user": 1, "content_type": 11, "object_id": "7", "object_repr": "Comment object (7)", "action_flag": 3, "change_message": ""}}, {"model": "admin.logentry", "pk": 57, "fields": {"action_time": "2020-06-07T15:33:49.532Z", "user": 1, "content_type": 11, "object_id": "6", "object_repr": "Comment object (6)", "action_flag": 3, "change_message": ""}}, {"model": "admin.logentry", "pk": 58, "fields": {"action_time": "2020-06-07T15:33:49.536Z", "user": 1, "content_type": 11, "object_id": "5", "object_repr": "Comment object (5)", "action_flag": 3, "change_message": ""}}, {"model": "admin.logentry", "pk": 59, "fields": {"action_time": "2020-06-07T15:33:49.541Z", "user": 1, "content_type": 11, "object_id": "4", "object_repr": "Comment object (4)", "action_flag": 3, "change_message": ""}}, {"model": "admin.logentry", "pk": 60, "fields": {"action_time": "2020-06-07T15:33:49.545Z", "user": 1, "content_type": 11, "object_id": "3", "object_repr": "Comment object (3)", "action_flag": 3, "change_message": ""}}, {"model": "admin.logentry", "pk": 61, "fields": {"action_time": "2020-06-07T15:33:49.550Z", "user": 1, "content_type": 11, "object_id": "2", "object_repr": "Comment object (2)", "action_flag": 3, "change_message": ""}}, {"model": "admin.logentry", "pk": 62, "fields": {"action_time": "2020-06-07T15:33:49.554Z", "user": 1, "content_type": 11, "object_id": "1", "object_repr": "Comment object (1)", "action_flag": 3, "change_message": ""}}, {"model": "admin.logentry", "pk": 63, "fields": {"action_time": "2020-06-07T16:07:56.643Z", "user": 1, "content_type": 11, "object_id": "66", "object_repr": "Comment object (66)", "action_flag": 3, "change_message": ""}}, {"model": "admin.logentry", "pk": 64, "fields": {"action_time": "2020-06-07T16:07:56.649Z", "user": 1, "content_type": 11, "object_id": "65", "object_repr": "Comment object (65)", "action_flag": 3, "change_message": ""}}, {"model": "admin.logentry", "pk": 65, "fields": {"action_time": "2020-06-07T16:07:56.654Z", "user": 1, "content_type": 11, "object_id": "64", "object_repr": "Comment object (64)", "action_flag": 3, "change_message": ""}}, {"model": "admin.logentry", "pk": 66, "fields": {"action_time": "2020-06-07T16:07:56.658Z", "user": 1, "content_type": 11, "object_id": "63", "object_repr": "Comment object (63)", "action_flag": 3, "change_message": ""}}, {"model": "admin.logentry", "pk": 67, "fields": {"action_time": "2020-06-07T16:07:56.663Z", "user": 1, "content_type": 11, "object_id": "62", "object_repr": "Comment object (62)", "action_flag": 3, "change_message": ""}}, {"model": "admin.logentry", "pk": 68, "fields": {"action_time": "2020-06-07T16:07:56.668Z", "user": 1, "content_type": 11, "object_id": "61", "object_repr": "Comment object (61)", "action_flag": 3, "change_message": ""}}, {"model": "admin.logentry", "pk": 69, "fields": {"action_time": "2020-06-07T16:07:56.673Z", "user": 1, "content_type": 11, "object_id": "60", "object_repr": "Comment object (60)", "action_flag": 3, "change_message": ""}}, {"model": "admin.logentry", "pk": 70, "fields": {"action_time": "2020-06-07T16:07:56.678Z", "user": 1, "content_type": 11, "object_id": "59", "object_repr": "Comment object (59)", "action_flag": 3, "change_message": ""}}, {"model": "admin.logentry", "pk": 71, "fields": {"action_time": "2020-06-07T16:07:56.683Z", "user": 1, "content_type": 11, "object_id": "58", "object_repr": "Comment object (58)", "action_flag": 3, "change_message": ""}}, {"model": "admin.logentry", "pk": 72, "fields": {"action_time": "2020-06-07T16:07:56.688Z", "user": 1, "content_type": 11, "object_id": "57", "object_repr": "Comment object (57)", "action_flag": 3, "change_message": ""}}, {"model": "admin.logentry", "pk": 73, "fields": {"action_time": "2020-06-07T16:07:56.693Z", "user": 1, "content_type": 11, "object_id": "56", "object_repr": "Comment object (56)", "action_flag": 3, "change_message": ""}}, {"model": "admin.logentry", "pk": 74, "fields": {"action_time": "2020-06-07T16:07:56.698Z", "user": 1, "content_type": 11, "object_id": "55", "object_repr": "Comment object (55)", "action_flag": 3, "change_message": ""}}, {"model": "admin.logentry", "pk": 75, "fields": {"action_time": "2020-06-07T16:07:56.703Z", "user": 1, "content_type": 11, "object_id": "54", "object_repr": "Comment object (54)", "action_flag": 3, "change_message": ""}}, {"model": "admin.logentry", "pk": 76, "fields": {"action_time": "2020-06-07T16:07:56.708Z", "user": 1, "content_type": 11, "object_id": "53", "object_repr": "Comment object (53)", "action_flag": 3, "change_message": ""}}, {"model": "admin.logentry", "pk": 77, "fields": {"action_time": "2020-06-07T16:07:56.712Z", "user": 1, "content_type": 11, "object_id": "52", "object_repr": "Comment object (52)", "action_flag": 3, "change_message": ""}}, {"model": "admin.logentry", "pk": 78, "fields": {"action_time": "2020-06-07T16:07:56.716Z", "user": 1, "content_type": 11, "object_id": "51", "object_repr": "Comment object (51)", "action_flag": 3, "change_message": ""}}, {"model": "admin.logentry", "pk": 79, "fields": {"action_time": "2020-06-07T16:07:56.721Z", "user": 1, "content_type": 11, "object_id": "50", "object_repr": "Comment object (50)", "action_flag": 3, "change_message": ""}}, {"model": "admin.logentry", "pk": 80, "fields": {"action_time": "2020-06-07T16:07:56.726Z", "user": 1, "content_type": 11, "object_id": "49", "object_repr": "Comment object (49)", "action_flag": 3, "change_message": ""}}, {"model": "admin.logentry", "pk": 81, "fields": {"action_time": "2020-06-07T16:07:56.730Z", "user": 1, "content_type": 11, "object_id": "48", "object_repr": "Comment object (48)", "action_flag": 3, "change_message": ""}}, {"model": "admin.logentry", "pk": 82, "fields": {"action_time": "2020-06-07T16:07:56.736Z", "user": 1, "content_type": 11, "object_id": "47", "object_repr": "Comment object (47)", "action_flag": 3, "change_message": ""}}, {"model": "admin.logentry", "pk": 83, "fields": {"action_time": "2020-06-07T16:07:56.740Z", "user": 1, "content_type": 11, "object_id": "46", "object_repr": "Comment object (46)", "action_flag": 3, "change_message": ""}}, {"model": "admin.logentry", "pk": 84, "fields": {"action_time": "2020-06-07T16:07:56.744Z", "user": 1, "content_type": 11, "object_id": "45", "object_repr": "Comment object (45)", "action_flag": 3, "change_message": ""}}, {"model": "admin.logentry", "pk": 85, "fields": {"action_time": "2020-06-07T16:07:56.749Z", "user": 1, "content_type": 11, "object_id": "44", "object_repr": "Comment object (44)", "action_flag": 3, "change_message": ""}}, {"model": "admin.logentry", "pk": 86, "fields": {"action_time": "2020-06-07T16:07:56.754Z", "user": 1, "content_type": 11, "object_id": "43", "object_repr": "Comment object (43)", "action_flag": 3, "change_message": ""}}, {"model": "admin.logentry", "pk": 87, "fields": {"action_time": "2020-06-07T16:07:56.759Z", "user": 1, "content_type": 11, "object_id": "42", "object_repr": "Comment object (42)", "action_flag": 3, "change_message": ""}}, {"model": "admin.logentry", "pk": 88, "fields": {"action_time": "2020-06-07T16:07:56.764Z", "user": 1, "content_type": 11, "object_id": "41", "object_repr": "Comment object (41)", "action_flag": 3, "change_message": ""}}, {"model": "admin.logentry", "pk": 89, "fields": {"action_time": "2020-06-07T16:07:56.768Z", "user": 1, "content_type": 11, "object_id": "40", "object_repr": "Comment object (40)", "action_flag": 3, "change_message": ""}}, {"model": "admin.logentry", "pk": 90, "fields": {"action_time": "2020-06-07T16:07:56.774Z", "user": 1, "content_type": 11, "object_id": "39", "object_repr": "Comment object (39)", "action_flag": 3, "change_message": ""}}, {"model": "admin.logentry", "pk": 91, "fields": {"action_time": "2020-06-07T16:07:56.777Z", "user": 1, "content_type": 11, "object_id": "38", "object_repr": "Comment object (38)", "action_flag": 3, "change_message": ""}}, {"model": "admin.logentry", "pk": 92, "fields": {"action_time": "2020-06-07T16:07:56.783Z", "user": 1, "content_type": 11, "object_id": "37", "object_repr": "Comment object (37)", "action_flag": 3, "change_message": ""}}, {"model": "admin.logentry", "pk": 93, "fields": {"action_time": "2020-06-07T16:07:56.787Z", "user": 1, "content_type": 11, "object_id": "36", "object_repr": "Comment object (36)", "action_flag": 3, "change_message": ""}}, {"model": "admin.logentry", "pk": 94, "fields": {"action_time": "2020-06-07T16:07:56.793Z", "user": 1, "content_type": 11, "object_id": "35", "object_repr": "Comment object (35)", "action_flag": 3, "change_message": ""}}, {"model": "admin.logentry", "pk": 95, "fields": {"action_time": "2020-06-07T16:07:56.797Z", "user": 1, "content_type": 11, "object_id": "34", "object_repr": "Comment object (34)", "action_flag": 3, "change_message": ""}}, {"model": "admin.logentry", "pk": 96, "fields": {"action_time": "2020-06-07T16:07:56.802Z", "user": 1, "content_type": 11, "object_id": "33", "object_repr": "Comment object (33)", "action_flag": 3, "change_message": ""}}, {"model": "admin.logentry", "pk": 97, "fields": {"action_time": "2020-06-07T16:07:56.807Z", "user": 1, "content_type": 11, "object_id": "32", "object_repr": "Comment object (32)", "action_flag": 3, "change_message": ""}}, {"model": "admin.logentry", "pk": 98, "fields": {"action_time": "2020-06-07T16:07:56.811Z", "user": 1, "content_type": 11, "object_id": "31", "object_repr": "Comment object (31)", "action_flag": 3, "change_message": ""}}, {"model": "admin.logentry", "pk": 99, "fields": {"action_time": "2020-06-07T16:07:56.815Z", "user": 1, "content_type": 11, "object_id": "30", "object_repr": "Comment object (30)", "action_flag": 3, "change_message": ""}}, {"model": "admin.logentry", "pk": 100, "fields": {"action_time": "2020-06-08T01:15:41.092Z", "user": 1, "content_type": 7, "object_id": "1", "object_repr": "\u65b0\u7684\u5f00\u59cb", "action_flag": 2, "change_message": "[{\"changed\": {\"fields\": [\"\\u6b63\\u6587\"]}}]"}}, {"model": "admin.logentry", "pk": 101, "fields": {"action_time": "2020-06-08T09:18:34.531Z", "user": 1, "content_type": 11, "object_id": "82", "object_repr": "Comment object (82)", "action_flag": 2, "change_message": "[{\"changed\": {\"fields\": [\"Root\", \"Parent\", \"Reply to\"]}}]"}}, {"model": "admin.logentry", "pk": 102, "fields": {"action_time": "2020-06-09T01:05:04.576Z", "user": 1, "content_type": 11, "object_id": "82", "object_repr": "<p>123</p>", "action_flag": 2, "change_message": "[]"}}, {"model": "admin.logentry", "pk": 103, "fields": {"action_time": "2020-06-09T01:20:29.213Z", "user": 1, "content_type": 11, "object_id": "82", "object_repr": "<p>123</p>", "action_flag": 3, "change_message": ""}}, {"model": "admin.logentry", "pk": 104, "fields": {"action_time": "2020-06-09T01:20:29.322Z", "user": 1, "content_type": 11, "object_id": "81", "object_repr": "<p>123</p>", "action_flag": 3, "change_message": ""}}, {"model": "admin.logentry", "pk": 105, "fields": {"action_time": "2020-06-09T01:20:29.429Z", "user": 1, "content_type": 11, "object_id": "80", "object_repr": "<p>5</p>", "action_flag": 3, "change_message": ""}}, {"model": "admin.logentry", "pk": 106, "fields": {"action_time": "2020-06-09T01:20:29.556Z", "user": 1, "content_type": 11, "object_id": "79", "object_repr": "<p>5</p>", "action_flag": 3, "change_message": ""}}, {"model": "admin.logentry", "pk": 107, "fields": {"action_time": "2020-06-09T01:20:29.638Z", "user": 1, "content_type": 11, "object_id": "78", "object_repr": "<p>4</p>", "action_flag": 3, "change_message": ""}}, {"model": "admin.logentry", "pk": 108, "fields": {"action_time": "2020-06-09T01:20:29.727Z", "user": 1, "content_type": 11, "object_id": "77", "object_repr": "<p>3</p>", "action_flag": 3, "change_message": ""}}, {"model": "admin.logentry", "pk": 109, "fields": {"action_time": "2020-06-09T01:20:29.852Z", "user": 1, "content_type": 11, "object_id": "76", "object_repr": "<p>2</p>", "action_flag": 3, "change_message": ""}}, {"model": "admin.logentry", "pk": 110, "fields": {"action_time": "2020-06-09T01:20:29.932Z", "user": 1, "content_type": 11, "object_id": "75", "object_repr": "<p>1</p>", "action_flag": 3, "change_message": ""}}, {"model": "admin.logentry", "pk": 111, "fields": {"action_time": "2020-06-09T01:20:30.014Z", "user": 1, "content_type": 11, "object_id": "74", "object_repr": "<p>1</p>", "action_flag": 3, "change_message": ""}}, {"model": "admin.logentry", "pk": 112, "fields": {"action_time": "2020-06-09T01:20:30.093Z", "user": 1, "content_type": 11, "object_id": "73", "object_repr": "<p>1235324</p>", "action_flag": 3, "change_message": ""}}, {"model": "admin.logentry", "pk": 113, "fields": {"action_time": "2020-06-09T01:20:30.182Z", "user": 1, "content_type": 11, "object_id": "72", "object_repr": "<p>123</p>", "action_flag": 3, "change_message": ""}}, {"model": "admin.logentry", "pk": 114, "fields": {"action_time": "2020-06-09T01:20:30.266Z", "user": 1, "content_type": 11, "object_id": "71", "object_repr": "<p>123</p>", "action_flag": 3, "change_message": ""}}, {"model": "admin.logentry", "pk": 115, "fields": {"action_time": "2020-06-09T01:20:30.348Z", "user": 1, "content_type": 11, "object_id": "70", "object_repr": "<p>123</p>", "action_flag": 3, "change_message": ""}}, {"model": "admin.logentry", "pk": 116, "fields": {"action_time": "2020-06-09T01:20:30.433Z", "user": 1, "content_type": 11, "object_id": "69", "object_repr": "<p>123</p>", "action_flag": 3, "change_message": ""}}, {"model": "admin.logentry", "pk": 117, "fields": {"action_time": "2020-06-09T01:20:30.514Z", "user": 1, "content_type": 11, "object_id": "68", "object_repr": "<p>32qr</p>", "action_flag": 3, "change_message": ""}}, {"model": "admin.logentry", "pk": 118, "fields": {"action_time": "2020-06-09T01:20:30.599Z", "user": 1, "content_type": 11, "object_id": "67", "object_repr": "<p>\u5e72\u5f97\u4e0d\u9519<img alt=\"smiley\" src=\"http://localhost:8000/static/ckeditor/ckeditor/plugins/smiley/images/regular_smile.png\" style=\"height:23px; width:23px\" title=\"smiley\" /></p>", "action_flag": 3, "change_message": ""}}, {"model": "admin.logentry", "pk": 119, "fields": {"action_time": "2020-06-09T02:21:06.455Z", "user": 1, "content_type": 11, "object_id": "85", "object_repr": "\u56de\u590d\u5185\u5bb9", "action_flag": 1, "change_message": "[{\"added\": {}}]"}}, {"model": "admin.logentry", "pk": 120, "fields": {"action_time": "2020-06-09T05:36:38.331Z", "user": 1, "content_type": 11, "object_id": "106", "object_repr": "<p>\u6e24\u6d77\u80a1\u4efd\u90fd\u4f1a\u53cd\u611f</p>", "action_flag": 3, "change_message": ""}}, {"model": "admin.logentry", "pk": 121, "fields": {"action_time": "2020-06-09T05:36:38.455Z", "user": 1, "content_type": 11, "object_id": "105", "object_repr": "<p>\u544a\u8bc9\u5bf9\u65b9\u516c\u53f8\u7684</p>", "action_flag": 3, "change_message": ""}}, {"model": "admin.logentry", "pk": 122, "fields": {"action_time": "2020-06-09T05:36:38.564Z", "user": 1, "content_type": 11, "object_id": "104", "object_repr": "<p>\u3011\u8bc4\u8bba</p>", "action_flag": 3, "change_message": ""}}, {"model": "admin.logentry", "pk": 123, "fields": {"action_time": "2020-06-09T05:36:38.671Z", "user": 1, "content_type": 11, "object_id": "103", "object_repr": "<p>\u3011\u8bc4\u8bba</p>", "action_flag": 3, "change_message": ""}}, {"model": "admin.logentry", "pk": 124, "fields": {"action_time": "2020-06-09T05:36:38.768Z", "user": 1, "content_type": 11, "object_id": "102", "object_repr": "<p>312312</p>", "action_flag": 3, "change_message": ""}}, {"model": "admin.logentry", "pk": 125, "fields": {"action_time": "2020-06-09T05:36:38.880Z", "user": 1, "content_type": 11, "object_id": "101", "object_repr": "<p>32213</p>", "action_flag": 3, "change_message": ""}}, {"model": "admin.logentry", "pk": 126, "fields": {"action_time": "2020-06-09T05:36:38.974Z", "user": 1, "content_type": 11, "object_id": "100", "object_repr": "<p>32213</p>", "action_flag": 3, "change_message": ""}}, {"model": "admin.logentry", "pk": 127, "fields": {"action_time": "2020-06-09T05:36:39.080Z", "user": 1, "content_type": 11, "object_id": "99", "object_repr": "<p>123213123</p>", "action_flag": 3, "change_message": ""}}, {"model": "admin.logentry", "pk": 128, "fields": {"action_time": "2020-06-09T05:36:39.180Z", "user": 1, "content_type": 11, "object_id": "98", "object_repr": "<p>123</p>", "action_flag": 3, "change_message": ""}}, {"model": "admin.logentry", "pk": 129, "fields": {"action_time": "2020-06-09T05:36:39.287Z", "user": 1, "content_type": 11, "object_id": "97", "object_repr": "<p>\u8bc4\u8bba\u7ed9</p>", "action_flag": 3, "change_message": ""}}, {"model": "admin.logentry", "pk": 130, "fields": {"action_time": "2020-06-09T05:36:39.409Z", "user": 1, "content_type": 11, "object_id": "96", "object_repr": "<p>\u8bc4\u8bba\u7ed9</p>", "action_flag": 3, "change_message": ""}}, {"model": "admin.logentry", "pk": 131, "fields": {"action_time": "2020-06-09T05:36:39.521Z", "user": 1, "content_type": 11, "object_id": "95", "object_repr": "<p>123</p>", "action_flag": 3, "change_message": ""}}, {"model": "admin.logentry", "pk": 132, "fields": {"action_time": "2020-06-09T05:36:39.623Z", "user": 1, "content_type": 11, "object_id": "94", "object_repr": "<p>123</p>", "action_flag": 3, "change_message": ""}}, {"model": "admin.logentry", "pk": 133, "fields": {"action_time": "2020-06-09T05:36:39.722Z", "user": 1, "content_type": 11, "object_id": "93", "object_repr": "<p>\u4e2a\u68b5\u8482\u5188</p>", "action_flag": 3, "change_message": ""}}, {"model": "admin.logentry", "pk": 134, "fields": {"action_time": "2020-06-09T05:36:39.913Z", "user": 1, "content_type": 11, "object_id": "92", "object_repr": "<p>231213</p>", "action_flag": 3, "change_message": ""}}, {"model": "admin.logentry", "pk": 135, "fields": {"action_time": "2020-06-09T05:36:40.006Z", "user": 1, "content_type": 11, "object_id": "91", "object_repr": "<p>3234</p>", "action_flag": 3, "change_message": ""}}, {"model": "admin.logentry", "pk": 136, "fields": {"action_time": "2020-06-09T05:36:40.115Z", "user": 1, "content_type": 11, "object_id": "90", "object_repr": "<p>1232</p>", "action_flag": 3, "change_message": ""}}, {"model": "admin.logentry", "pk": 137, "fields": {"action_time": "2020-06-09T05:36:40.214Z", "user": 1, "content_type": 11, "object_id": "89", "object_repr": "<p>123</p>", "action_flag": 3, "change_message": ""}}, {"model": "admin.logentry", "pk": 138, "fields": {"action_time": "2020-06-09T05:36:40.317Z", "user": 1, "content_type": 11, "object_id": "88", "object_repr": "<p>123</p>", "action_flag": 3, "change_message": ""}}, {"model": "admin.logentry", "pk": 139, "fields": {"action_time": "2020-06-09T05:36:40.415Z", "user": 1, "content_type": 11, "object_id": "87", "object_repr": "<p>111</p>", "action_flag": 3, "change_message": ""}}, {"model": "admin.logentry", "pk": 140, "fields": {"action_time": "2020-06-09T05:36:40.565Z", "user": 1, "content_type": 11, "object_id": "86", "object_repr": "<p>12333</p>", "action_flag": 3, "change_message": ""}}, {"model": "admin.logentry", "pk": 141, "fields": {"action_time": "2020-06-09T05:36:40.654Z", "user": 1, "content_type": 11, "object_id": "85", "object_repr": "\u56de\u590d\u5185\u5bb9", "action_flag": 3, "change_message": ""}}, {"model": "admin.logentry", "pk": 142, "fields": {"action_time": "2020-06-09T05:36:40.747Z", "user": 1, "content_type": 11, "object_id": "84", "object_repr": "<p>234</p>", "action_flag": 3, "change_message": ""}}, {"model": "admin.logentry", "pk": 143, "fields": {"action_time": "2020-06-09T05:36:40.838Z", "user": 1, "content_type": 11, "object_id": "83", "object_repr": "<p>123</p>", "action_flag": 3, "change_message": ""}}, {"model": "admin.logentry", "pk": 144, "fields": {"action_time": "2020-06-09T07:18:53.674Z", "user": 1, "content_type": 11, "object_id": "117", "object_repr": "<p>123</p>", "action_flag": 3, "change_message": ""}}, {"model": "admin.logentry", "pk": 145, "fields": {"action_time": "2020-06-09T07:18:53.922Z", "user": 1, "content_type": 11, "object_id": "116", "object_repr": "<p>12345y</p>", "action_flag": 3, "change_message": ""}}, {"model": "admin.logentry", "pk": 146, "fields": {"action_time": "2020-06-09T07:18:54.057Z", "user": 1, "content_type": 11, "object_id": "115", "object_repr": "<p>12345y</p>", "action_flag": 3, "change_message": ""}}, {"model": "admin.logentry", "pk": 147, "fields": {"action_time": "2020-06-09T07:18:54.165Z", "user": 1, "content_type": 11, "object_id": "114", "object_repr": "<p>12345y</p>", "action_flag": 3, "change_message": ""}}, {"model": "admin.logentry", "pk": 148, "fields": {"action_time": "2020-06-09T07:18:54.258Z", "user": 1, "content_type": 11, "object_id": "113", "object_repr": "<p>12345y</p>", "action_flag": 3, "change_message": ""}}, {"model": "admin.logentry", "pk": 149, "fields": {"action_time": "2020-06-09T07:18:54.356Z", "user": 1, "content_type": 11, "object_id": "112", "object_repr": "<p>12345y</p>", "action_flag": 3, "change_message": ""}}, {"model": "admin.logentry", "pk": 150, "fields": {"action_time": "2020-06-09T07:18:54.461Z", "user": 1, "content_type": 11, "object_id": "111", "object_repr": "<p>123</p>", "action_flag": 3, "change_message": ""}}, {"model": "admin.logentry", "pk": 151, "fields": {"action_time": "2020-06-09T07:18:54.566Z", "user": 1, "content_type": 11, "object_id": "110", "object_repr": "<p>123</p>", "action_flag": 3, "change_message": ""}}, {"model": "admin.logentry", "pk": 152, "fields": {"action_time": "2020-06-09T07:18:54.691Z", "user": 1, "content_type": 11, "object_id": "109", "object_repr": "<p>123</p>", "action_flag": 3, "change_message": ""}}, {"model": "admin.logentry", "pk": 153, "fields": {"action_time": "2020-06-09T08:24:48.617Z", "user": 1, "content_type": 12, "object_id": "1", "object_repr": "LikesCount object (1)", "action_flag": 1, "change_message": "[{\"added\": {}}]"}}, {"model": "admin.logentry", "pk": 154, "fields": {"action_time": "2020-06-11T03:12:26.980Z", "user": 1, "content_type": 12, "object_id": "6", "object_repr": "LikesCount object (6)", "action_flag": 2, "change_message": "[{\"changed\": {\"fields\": [\"\\u70b9\\u8d5e\\u6570\"]}}]"}}, {"model": "admin.logentry", "pk": 155, "fields": {"action_time": "2020-06-11T03:42:05.964Z", "user": 1, "content_type": 13, "object_id": "13", "object_repr": "LikesRecord object (13)", "action_flag": 3, "change_message": ""}}, {"model": "admin.logentry", "pk": 156, "fields": {"action_time": "2020-06-11T03:42:06.059Z", "user": 1, "content_type": 13, "object_id": "12", "object_repr": "LikesRecord object (12)", "action_flag": 3, "change_message": ""}}, {"model": "admin.logentry", "pk": 157, "fields": {"action_time": "2020-06-11T03:42:06.148Z", "user": 1, "content_type": 13, "object_id": "11", "object_repr": "LikesRecord object (11)", "action_flag": 3, "change_message": ""}}, {"model": "admin.logentry", "pk": 158, "fields": {"action_time": "2020-06-11T03:42:06.243Z", "user": 1, "content_type": 13, "object_id": "10", "object_repr": "LikesRecord object (10)", "action_flag": 3, "change_message": ""}}, {"model": "admin.logentry", "pk": 159, "fields": {"action_time": "2020-06-11T03:42:06.433Z", "user": 1, "content_type": 13, "object_id": "9", "object_repr": "LikesRecord object (9)", "action_flag": 3, "change_message": ""}}, {"model": "admin.logentry", "pk": 160, "fields": {"action_time": "2020-06-11T03:42:06.519Z", "user": 1, "content_type": 13, "object_id": "8", "object_repr": "LikesRecord object (8)", "action_flag": 3, "change_message": ""}}, {"model": "admin.logentry", "pk": 161, "fields": {"action_time": "2020-06-11T03:42:06.610Z", "user": 1, "content_type": 13, "object_id": "7", "object_repr": "LikesRecord object (7)", "action_flag": 3, "change_message": ""}}, {"model": "admin.logentry", "pk": 162, "fields": {"action_time": "2020-06-11T03:42:06.702Z", "user": 1, "content_type": 13, "object_id": "6", "object_repr": "LikesRecord object (6)", "action_flag": 3, "change_message": ""}}, {"model": "admin.logentry", "pk": 163, "fields": {"action_time": "2020-06-11T03:42:06.784Z", "user": 1, "content_type": 13, "object_id": "5", "object_repr": "LikesRecord object (5)", "action_flag": 3, "change_message": ""}}, {"model": "admin.logentry", "pk": 164, "fields": {"action_time": "2020-06-11T03:42:06.882Z", "user": 1, "content_type": 13, "object_id": "4", "object_repr": "LikesRecord object (4)", "action_flag": 3, "change_message": ""}}, {"model": "admin.logentry", "pk": 165, "fields": {"action_time": "2020-06-11T03:42:06.967Z", "user": 1, "content_type": 13, "object_id": "3", "object_repr": "LikesRecord object (3)", "action_flag": 3, "change_message": ""}}, {"model": "admin.logentry", "pk": 166, "fields": {"action_time": "2020-06-11T03:42:07.061Z", "user": 1, "content_type": 13, "object_id": "2", "object_repr": "LikesRecord object (2)", "action_flag": 3, "change_message": ""}}, {"model": "admin.logentry", "pk": 167, "fields": {"action_time": "2020-06-11T03:42:07.154Z", "user": 1, "content_type": 13, "object_id": "1", "object_repr": "LikesRecord object (1)", "action_flag": 3, "change_message": ""}}, {"model": "admin.logentry", "pk": 168, "fields": {"action_time": "2020-06-11T03:42:15.583Z", "user": 1, "content_type": 12, "object_id": "8", "object_repr": "LikesCount object (8)", "action_flag": 3, "change_message": ""}}, {"model": "admin.logentry", "pk": 169, "fields": {"action_time": "2020-06-11T03:42:15.700Z", "user": 1, "content_type": 12, "object_id": "7", "object_repr": "LikesCount object (7)", "action_flag": 3, "change_message": ""}}, {"model": "admin.logentry", "pk": 170, "fields": {"action_time": "2020-06-11T03:42:15.845Z", "user": 1, "content_type": 12, "object_id": "6", "object_repr": "LikesCount object (6)", "action_flag": 3, "change_message": ""}}, {"model": "admin.logentry", "pk": 171, "fields": {"action_time": "2020-06-11T03:42:15.950Z", "user": 1, "content_type": 12, "object_id": "5", "object_repr": "LikesCount object (5)", "action_flag": 3, "change_message": ""}}, {"model": "admin.logentry", "pk": 172, "fields": {"action_time": "2020-06-11T03:42:16.066Z", "user": 1, "content_type": 12, "object_id": "4", "object_repr": "LikesCount object (4)", "action_flag": 3, "change_message": ""}}, {"model": "admin.logentry", "pk": 173, "fields": {"action_time": "2020-06-11T03:42:16.167Z", "user": 1, "content_type": 12, "object_id": "3", "object_repr": "LikesCount object (3)", "action_flag": 3, "change_message": ""}}, {"model": "admin.logentry", "pk": 174, "fields": {"action_time": "2020-06-11T03:42:16.261Z", "user": 1, "content_type": 12, "object_id": "2", "object_repr": "LikesCount object (2)", "action_flag": 3, "change_message": ""}}, {"model": "admin.logentry", "pk": 175, "fields": {"action_time": "2020-06-11T03:42:16.350Z", "user": 1, "content_type": 12, "object_id": "1", "object_repr": "LikesCount object (1)", "action_flag": 3, "change_message": ""}}, {"model": "admin.logentry", "pk": 176, "fields": {"action_time": "2020-06-11T03:46:35.402Z", "user": 1, "content_type": 12, "object_id": "9", "object_repr": "LikesCount object (9)", "action_flag": 3, "change_message": ""}}, {"model": "admin.logentry", "pk": 177, "fields": {"action_time": "2020-06-11T03:46:56.919Z", "user": 1, "content_type": 13, "object_id": "15", "object_repr": "LikesRecord object (15)", "action_flag": 3, "change_message": ""}}, {"model": "admin.logentry", "pk": 178, "fields": {"action_time": "2020-06-11T03:46:57.035Z", "user": 1, "content_type": 13, "object_id": "14", "object_repr": "LikesRecord object (14)", "action_flag": 3, "change_message": ""}}, {"model": "admin.logentry", "pk": 179, "fields": {"action_time": "2020-06-12T01:50:13.498Z", "user": 1, "content_type": 4, "object_id": "1", "object_repr": "caoxun", "action_flag": 2, "change_message": "[{\"changed\": {\"fields\": [\"Last login\"]}}, {\"added\": {\"name\": \"profile\", \"object\": \"\\u66f9\\u8fc5\"}}]"}}, {"model": "admin.logentry", "pk": 180, "fields": {"action_time": "2020-06-24T05:48:34.117Z", "user": 1, "content_type": 7, "object_id": "36", "object_repr": "test \u53d1\u90ae\u4ef6", "action_flag": 1, "change_message": "[{\"added\": {}}]"}}]